AID,Description_Normalize,Description_PosCtrl,Description_Ctrl,Positive Control,Negative Control,Note,Purpose,Definition of 100% Efficacy,Definition of 0% Efficacy
655,"te 1536-well plates. In the screen, tamoxifen and doxorubicin were used as positive controls. Library compounds were measured for their ability to cause the activation of caspase 3/7 in the cell line, as reflected by an increase in luminescence signal, in a concentration-dependent manner. Data were normalized to the controls for basal activity (DMSO only) and 100% stimulation (100 uM tamoxifen). AC50 values were determined from concentration-response data modeled with the standard Hill equation.qHTS protocol for caspase 3/7 assay in Jurkat cells[Step] [Parameter] [Value] [Description]1. Reagen","ty present.Using the Caspase-Glo 3/7 assay, the amount of caspase 3/7 activity was measured in the Jurkat cell line with complete culture medium following compound treatment for 16 hours. The assay was performed in opaque white 1536-well plates. In the screen, tamoxifen and doxorubicin were used as positive controls. Library compounds were measured for their ability to cause the activation of caspase 3/7 in the cell line, as reflected by an increase in luminescence signal, in a concentration-dependent manner. Data were normalized to the controls for basal activity (DMSO only) and 100% stimulat","ty present.Using the Caspase-Glo 3/7 assay, the amount of caspase 3/7 activity was measured in the Jurkat cell line with complete culture medium following compound treatment for 16 hours. The assay was performed in opaque white 1536-well plates. In the screen, tamoxifen and doxorubicin were used as positive controls. Library compounds were measured for their ability to cause the activation of caspase 3/7 in the cell line, as reflected by an increase in luminescence signal, in a concentration-dependent manner. Data were normalized to the controls for basal activity (DMSO only) and 100% stimulat",100 uM tamoxifen,DMSO,,T cell leukemia treatment,Jurkat Cell toxicity (caspase 3/7 activity) stimulation by 100 uM tamoxifen,Jurkat Cell toxicity (caspase 3/7 activity) stimulation by DMSO
881,NA,NA," hydroperoxide and ferrous ions. The Fe(III)-XO complex is characterized with red-shifted absorbance at 560 nm. A purified preparation of human 15hLO-2 was supplied by Professor Ted Holman, University of California, Santa Cruz. Assay Protocol:Buffer:  25 mM Hepes pH 7.5, 0.01% Triton X-100.Reagents/Controls:Buffer in columns 3 and 4 as negative control (no enzyme). Substrate solution: 45 uM arachidonic acid (Sigma-Aldrich, St. Louis, MO) final concentration dispensed throughout the plate. Enzyme: 50 nM 15hLO-2 final concentration in columns 1, 2, 5-48. Column 1 is neutral (100% activity). Colu",No enzyme,50 nM 15hLO-2 (15-human lipoxygenase 2) enzyme without any inhibition,,Anti-oxidation (15-hLO-2 inhibition),Zero enzyme activity,50 nM 15hLO-2 (15-human lipoxygenase 2) enzyme activity without any inhibition
887,NA,NA," hydroperoxide and ferrous ions. The Fe(III)-XO complex is characterized with red-shifted absorbance at 560 nm. A purified preparation of human 15hLO-1 was supplied by Professor Ted Holman, University of California, Santa Cruz. Assay Protocol:Buffer:  25 mM Hepes pH 7.5, 0.01% Triton X-100.Reagents/Controls:Buffer in columns 3 and 4 as negative control (no enzyme). Substrate solution: 50 uM arachidonic acid (Sigma-Aldrich, St. Louis, MO) final concentration dispensed throughout the plate. Enzyme: 40 nM 15hLO-1 final concentration in columns 1, 2, 5-48. Column 1 is neutral (100% activity). Colu",No enzyme,50 nM 15hLO-1 (15-human lipoxygenase 1) enzyme without any inhibition,,Anti-oxidation (15-hLO-1 inhibition),Zero enzyme activity,50 nM 15hLO-1 (15-human lipoxygenase 1) enzyme activity without any inhibition
1030,NA,NA,"-throughput screening: a titration-based approach that efficiently identifies biological activities in large chemical libraries. Proc Natl Acad Sci. 2006 Aug 1;103(31):11473-8.NIH Chemical Genomics Center [NCGC]Structural Genomics Consortium [SGC]Buffer: 100 mM Hepes pH 7.5, 0.01% Tween 20.Reagents/Controls:[1] Buffer in columns 3 and 4 as negative control (no enzyme).[2] Substrate/cofactor solution: 1 mM NAD+ and 80 uM propionaldehyde (Sigma-Aldrich, St. Louis, MO) final concentrations dispensed throughout the plate.[3] Enzyme: 50 nM ALDH1A1 final concentration in columns 1, 2, 5-48. Column 1",No enzyme,50 nM ALDH1A1 (Aldehyde dehydrogenase 1) without any inhibition,,Metabolic disease treatment (ALDH1A1 inhibition),Zero enzyme activity,50 nM ALDH1A1 (Aldehyde dehydrogenase 1) activity without any inhibition
1460,"orescence (450/8 nm excitation and 510/23 nm emission).Keywords: NIH Roadmap, MLPCN, MLI, MLSMR, NCGC, qHTS, tau, tauopathies, Alzheimer's disease, fibril, neurodegeneration, aggregationIn this assay we provide the ThT fluorescence data, which include % activity (the fluorescence intensity has been normalized to positive and negative controls) data for each concentration as well as potencies for the active compounds.Compound Ranking:1. Compounds are first classified as having full titration curves, partial modulation, partial curve (weaker actives), single point activity (at highest concentrat",NA," by enhancing local beta-structure."" J Biol Chem 276(51): 48165-74.NCGC Assay Protocol Summary:Two K18 mutants were produced: P301L, which fibrillizes faster than the wild-type form (von Bergen et al. 2001) and K311D, which does not fibrillize (Li and Lee 2006) and was thus used as non-fibrillizing control in the assay. For screening, 2 uL/well human K18 P301L (15 uM unlabeled and 0.24 uM Alexa 594-labeled tau, final concentrations) in reagent buffer (100 mM sodium acetate pH 7) was dispensed into black solid 1536-well plates (Grenier) using a solenoid-based dispenser. Following transfer of 23",K311D cell (non-fibrillizing control),DMSO,,Alzheimer's treatment,Neurofibrillary tangles formation (by tau protein) by K311D,Neurofibrillary tangles formation (by tau protein) by P301L (fibrillizes faster than WT) treat with DMSO
1476,NA,NA,"ott BT, et al. J Med Chem. 2010 Jan 14;53(1):52-60.Assay Provider: Shoichet, Brian; University of California, San FanciscoScreening Center PI: Austin, C.P.Screening Center: NIH Chemical Genomics Center [NCGC]Buffer: 100 mM Sodium Acetate, pH 5.5, 5 mM DTT, Triton X-100 concentration: 0.01%.Reagents/Controls:Buffer in columns 3 and 4 as negative control (no enzyme).Substrate solution: 2 uM final concentration of Z-FR-AMC (catalog number I-1160, Bachem) dispensed throughout the plate.Enzyme: 1.5 nM Cruzain final concentration in columns 1, 2, 5-48. Column 1 is neutral (100% activity). Column 2 c",No enzyme,1.5 nM Cruzain enzyme without inhibition,,Trypanosoma cruzi treatment (Cruzain inhibition),Zero enzyme activity,1.5 nM Cruzain enzyme activity without inhibition
1478,NA,NA,"ott BT, et al. J Med Chem. 2010 Jan 14;53(1):52-60.Assay Provider: Shoichet, Brian; University of California, San FanciscoScreening Center PI: Austin, C.P.Screening Center: NIH Chemical Genomics Center [NCGC]Buffer: 100 mM Sodium Acetate, pH 5.5, 5 mM DTT, Triton X-100 concentration: 0.01%.Reagents/Controls:Buffer in columns 3 and 4 as negative control (no enzyme).Substrate solution: 2 uM final concentration of Z-FR-AMC (catalog number I-1160, Bachem) dispensed throughout the plate.Enzyme: 1.5 nM Cruzain final concentration in columns 1, 2, 5-48. Column 1 is neutral (100% activity). Column 2 c",No enzyme,1.5 nM Cruzain enzyme without inhibition,,Trypanosoma cruzi treatment (Cruzain inhibition),Zero enzyme activity,1.5 nM Cruzain enzyme activity without inhibition
1490,NA,NA,"ing the fluorescence intensity change over a 30-minute reaction period at a 525 nm excitation and 598 nm emission. Reagents were supplied by Michael Burkart and Timothy Foley, University of California at San Diego.This BioAssay deposition is for validation of the developed Sfp-PPtase assay.Reagents/Controls:Assay Buffer: 50 mM Hepes-Na pH 7.6, 10 mM MgCl2, 0.01% Nonidet P-40, and 0.01% BSA.Controls: 3 uL of buffer and 1 uL of substrate mixture (final concentration for rhodamine-CoA and BHQ-2-YbbR 5 uM and 12.5 uM, respectively) dispensed into columns 3 and 4 to generate negative control (fully",No enzyme,15 nM Sfp-ppTase enzyme without inhibition,,Pathogen treatment (B. subtilis Sfp-type PPTases inhibitor),Zero enzyme activity,15 nM Sfp-ppTase enzyme activity without inhibition
2326,NA,"onounced slow growth phenotype in yeast due to its intrinsic molecular activities. Small molecules that suppress the slow growth phenotype can be identified by a straightforward growth recovery assay using optical density (OD) as the measurement. The same yeast strain not expressing NS1 was used as positive control in the yeast growth recovery assay.The yeast S. cerevisiae  control and NS1 expressing cells were kindly supplied by laboratory of Dr. Daniel Engel, University of Virginia. Yeast starter cultures were stored in single use aliquots at -80C. Assay Reagents:1. Yeast culture medium per ","onounced slow growth phenotype in yeast due to its intrinsic molecular activities. Small molecules that suppress the slow growth phenotype can be identified by a straightforward growth recovery assay using optical density (OD) as the measurement. The same yeast strain not expressing NS1 was used as positive control in the yeast growth recovery assay.The yeast S. cerevisiae  control and NS1 expressing cells were kindly supplied by laboratory of Dr. Daniel Engel, University of Virginia. Yeast starter cultures were stored in single use aliquots at -80C. Assay Reagents:1. Yeast culture medium per ",The same yeast strain not expressing NS1,X,,Antivirus (Influenza A),Cell growth of the positive control (Same yeast strain not expressing NS1),X
2549,NA,NA,"reaction buffer (25 mM Tris-HCl (pH 8.0), 5 mM NaCl, 2 mM MgCl2, 1mM DTT, 0.01% Tween- 20, and 2.5 ug/ml poly(dI-dC), including enzyme (50 nM RECQ1T1), were dispensed into a 1536-well Greiner black assay plate via solenoid-valve based nanoliter dispensers. Compounds (23 nl each in columns 5-48) and control (23 nl each in column 2 as dose-response) were transferred via a Kalypsys pintool equipped with a 1536-pin array. The plates were incubated for 15 min at room temperature, and then 1 ul of substrates (200 nM DNA and 2 mM ATP, final concentrations) was added to start the reaction. The plate w",No enzyme,50 nM RECQ1 with DMSO,,Anticancer (RecQ-Like DNA Helicase 1 (RECQ1) inhibition),Zero enzyme activity,50 nM RECQ1 activity with DMSO
485290,NA,NA,"ead is bound at the 3' end of the DNA oligonucleotidic substrate. In the presence of Tdp1, the enzyme cleaves the tyrosine-FITC group, leaving a 3' end phosphate on the DNA substrate. This cleavage reaction results in a loss of signal in AS.Buffer:  1X PBS, pH 7.4, 80 mM KCl, 0.05% Tween-20Reagents/Controls: [1] 3 ul of buffer is dispensed in columns 3 & 4 as negative control (no enzyme and maximum signal),[2]  3 ul of enzyme (1 nM final) is dispensed in columns 1,2, 5-48,[3]  1 ul of substrate (15 nM final) is dispensed throughout the plate,[4]  1 ul of AS donor/acceptor bead mix (10 ug/ml fi",No enzyme,1 nM TDP1 enzyme without inhibition,,Anticancer (Human tyrosyl-DNA phosphodiesterase I (Tdp1) inhibition),Zero enzyme activity,1 nM TDP1 enzyme activity without inhibition
485364,"transferred to the entire column 5-48 compound area, were inserted uniformly at the beginning and the end of each library in order to monitor for and record any shifts in the background, which can be affected by reagent dispensers or loss in enzyme activity overtime.  Screening data were corrected, normalized, and concentration-effect relationships will be derived by using publicly-available curve fitting algorithms developed in-house (http://ncgc.nih.gov/pub/openhts).  A four parameter Hill equation was fitted to the concentration-response data by minimizing the residual error between the mod","ration-response curves of furoxan were almost identical upon separate testing, with IC50s falling within the 4.0-7.9 uM range.  This assay format can be used to screen the current MLSMR collection (with >300K compounds available) to find novel TGR inhibitors.  Furoxan is a good choice to serve as a positive control in the primary HTS assay. Three microliters of reagents (100 uM NADPH and 20 nM TGR or 100 uM NADPH as no-enzyme control) were dispensed into 1,536-well black clear-bottomed plates.  Compounds (23 nL) were transferred via Kalypsys pin tool equipped with 1536-pin array (10 nL slotted","ration-response curves of furoxan were almost identical upon separate testing, with IC50s falling within the 4.0-7.9 uM range.  This assay format can be used to screen the current MLSMR collection (with >300K compounds available) to find novel TGR inhibitors.  Furoxan is a good choice to serve as a positive control in the primary HTS assay. Three microliters of reagents (100 uM NADPH and 20 nM TGR or 100 uM NADPH as no-enzyme control) were dispensed into 1,536-well black clear-bottomed plates.  Compounds (23 nL) were transferred via Kalypsys pin tool equipped with 1536-pin array (10 nL slotted",Bioassay without Thioredoxin glutathione reductase (TGR),DMSO,,Schistosomiasis?treatment,No TGR activity as the control,TGR activity inhibited by DMSO
504327,NA,NA,"ical Genomics Center [NCGC]Structural Genomics Consortium (SGC)NIH Grant: 5U54 MH084681-02To each well of a 1,536w plate, 3ul of GCN5L2 (final concentration 20nM, in 50mM HEPES, 0.1mM EDTA (pH 7.5), 0.01% Tween-20 buffer) are added using a Kalypsys dispenser. Only buffer is added to some wells as a control. A Kalypsys pin-tool transferred 23nl of library compound solution in DMSO to each well, as well as the control inhibit garcinol. . Following a 15 min incubation of enzyme with compounds at room temperature, 1ul mixture of ThioGlo1 (50uM final), H3(1-25) peptide (75uM final), and Acetyl-CoA ",20 nM GCN5L2 (HAT) enzyme with inhibition by garcinol,20 nM GCN5L2 (HAT) enzyme without inhibition,,Multipurpose Drug Target (Histone acetyltransferase (HAT) inhibition),20 nM GCN5L2 (HAT) enzyme activity inhibited by garcinol,20 nM GCN5L2 (HAT) enzyme activity without inhibition
504332,NA,NA,"ion Network [MLPCN]NIH Chemical Genomics Center [NCGC]Structural Genomics Consortium (SGC)NIH Grant: 5U54 MH084681-02To each well of a 1,536w plate, 2ul of HMT enzyme (final 20nM) were added, using a nanoliter dispenser. The G9a- and GLP-inhibitor BIX-01294 (CID: 25150857) are used as an intraplate control, with a 16-point titration in duplicate. A Kalypsys pin-tool transferred 23nl of library compound solution in DMSO to each well. Following a 15 min incubation of enzyme with compounds at room temperature, 1ul mixture of b-H3K9 peptide substrate (final 500nM) and SAM cofactor (final 20uM) wer",20 nM G9a inhibited by BIX-01294 (CID: 25150857),X,,Anticancer (Histone Lysine Methyltransferase G9a inhibition),20 nM G9a activity inhibited by BIX-01294 (CID: 25150857),X
504749,"ch well. The plates were mixed for 25 sec with gentle shaking and incubated overnight at room temperature in the dark. The following morning, fluorescence intensity at 485(14) nm excitation and 535(25) nm emission wavelengths was measured on an EnVision (Perkin Elmer) plate reader. Plate reads were normalized relative to the control inhibitor (0.29 uM artemisinin) and vehicle (DMSO) wells present on each plate and then corrected by an algorithm using vehicle-only control plates at the beginning and end of the compound plate stack.This is a profiling assay where compounds were screened against ",NA,"xed for 25 sec with gentle shaking and incubated overnight at room temperature in the dark. The following morning, fluorescence intensity at 485(14) nm excitation and 535(25) nm emission wavelengths was measured on an EnVision (Perkin Elmer) plate reader. Plate reads were normalized relative to the control inhibitor (0.29 uM artemisinin) and vehicle (DMSO) wells present on each plate and then corrected by an algorithm using vehicle-only control plates at the beginning and end of the compound plate stack.This is a profiling assay where compounds were screened against a panel of 61 malarial para",0.29 uM artemisinin,DMSO,,Malaria Treatment,P. falciparum viability inhibited by 0.29 uM artemisinin,P. falciparum viability inhibited by DMSO
504847,NA,NA,"7 (all final concentrations) in columns 1, 2, and 5 to 48 or 15nM SRC2-3 Alexa 647 in columns 3 and 4 are dispensed into black medium-binding solid bottom Greiner plates. Both solutions are kept at 4 deg C and protected from light and dispensed using a Kalypsys dispenser. Then 23nl of compounds and controls are added with Kalypsys pintool. The control is 26.5mM CBT358 (final concentration of 151uM) and the compounds' final range in concentration is 457nM - 114uM. Plate is centrifuged at 1000 RPM for 15 seconds to remove any residual bubbles. The plate is then incubate at ambient room temperatu",800 nM VDR inhibited by CBT358 (3-dibutylamino-1-(4-hexylphenyl)propan-1-one),X,,Hypercalcemic hyperparathyroidism treatment (Vitamin D receptor (VDR) inhibition),800 nM VDR activity inhibited by CBT358 (3-dibutylamino-1-(4-hexylphenyl)propan-1-one),X
504865,NA,NA," relevance to the biology of pediatric acute lymphoblastic leukemia. Haematologica 90, 890-8984. Kovalenko, A., et al. (2003) The tumour suppressor CYLD negatively regulates NF-kappaB signalling by deubiquitination. Nature 424, 801-8053 microliters of reagents (buffer in columns 3 and 4 as negative control and 1nM USP1/UAF1 complex in columns 1, 2, and 5-48) are dispensed into Greiner black solid bottom 1536-well assay plates. Compounds are then transferred via Kalypsys pin tool equipped with 1536-pin array (10nl slotted pins, V&P Scientific, San Diego, CA). Following an incubation step of 15 ",No enzyme,X,,Multipurpose Drug Target (ubiquitin specific protease 1 (USP1) inhibition),Zero enzyme activity,X
588590,NA,NA,"le Repository (MLSMR). This screen is used to identify inhibitors of pol iota. NIH Chemical Genomics Center [NCGC]NIH Molecular Libraries Probe Centers Network [MLPCN]MLPCN Grant: MH090825Assay Submitter (PI): Roger Woodgate, NICHD)Three microliters of reagents (buffer in column 3 and 4 as negative control and 10 nM Pol iota in columns 1, 2, and 5-48) will be dispensed into 1,536-well black solid-bottomed plate.  Compounds (23 nL) will be transferred via Kalypsys pin tool equipped with 1536-pin array.  The plates will then be incubated for 15 min at room temperature, and 1 muL substrate (50 nM",No enzyme,X,,Anticancer (Polymerase Iota inhibition),Zero enzyme activity,X
588591,NA,NA,"ule Repository (MLSMR). This screen is used to identify inhibitors of pol eta. NIH Chemical Genomics Center [NCGC]NIH Molecular Libraries Probe Centers Network [MLPCN]MLPCN Grant: MH090825Assay Submitter (PI): Roger Woodgate, NICHD)Three microliters of reagents (buffer in column 3 and 4 as negative control and 10 nM Pol eta in columns 1, 2, and 5-48) were dispensed into a 1,536-well black solid-bottomed plate.  Compounds (23 nL) were transferred via Kalypsys pin tool equipped with 1536-pin array.  The plates were then incubated for 15 min at room temperature, and 1 muL substrate (50 nM final c",No enzyme,X,,Anticancer (Polymerase Eta inhibition),Zero enzyme activity,X
651768,NA,"R.NIH Chemical Genomics Center [NCGC]NIH Molecular Libraries Probe Centers Network [MLPCN]MLPCN Grant: MH096530Assay Submitter (PI): Robert Brosh, National Institute of AgingThree muL of reagents (buffer in columns 3 and 4 as negative controls; WRN at 20 nM final concentration in columns 1 and 2 as positive controls; columns 5-48 as test reactions) will be dispensed into a 1536-well Greiner black plate via solenoid-valve based nanoliter dispensers.  Compounds (23 nL each in columns 5-48) and control (23 nL each in column 2 as dose-response) will be transferred via a Kalypsys pintool equipped w","R.NIH Chemical Genomics Center [NCGC]NIH Molecular Libraries Probe Centers Network [MLPCN]MLPCN Grant: MH096530Assay Submitter (PI): Robert Brosh, National Institute of AgingThree muL of reagents (buffer in columns 3 and 4 as negative controls; WRN at 20 nM final concentration in columns 1 and 2 as positive controls; columns 5-48 as test reactions) will be dispensed into a 1536-well Greiner black plate via solenoid-valve based nanoliter dispensers.  Compounds (23 nL each in columns 5-48) and control (23 nL each in column 2 as dose-response) will be transferred via a Kalypsys pintool equipped w",Buffer Only,20 nM WRN,,Anticancer (WRN inhibition),No Werner syndrome (WS) helicase (WRN) activity,The activity of 20nM WRN
720496,NA,NA,"ay against the human Pol eta. Inhibition is the desired outcome for this assay. NIH Chemical Genomics Center [NCGC]NIH Molecular Libraries Probe Centers Network [MLPCN]MLPCN Grant: MH090825Assay Submitter (PI): Roger Woodgate, NICHDThree microliters of reagents (buffer in column 3 and 4 as negative control while 10 nM Pol iota in columns 1, 2, and 5-48) were dispensed into a 1536-well black solid-bottom plate. Compounds (23 nL) were transferred via Kalypsys pin tool equipped with 1536-pin array. The plates were then incubated for 15 min at room temperature, and 1 uL of substrate  was added to ",No enzyme,X,,Anticancer (Polymerase Iota inhibition),Zero enzyme activity,X
720502,NA,NA,"ay against the human Pol eta. Inhibition is the desired outcome for this assay. NIH Chemical Genomics Center [NCGC]NIH Molecular Libraries Probe Centers Network [MLPCN]MLPCN Grant: MH090825Assay Submitter (PI): Roger Woodgate, NICHDThree microliters of reagents (buffer in column 3 and 4 as negative control while 10 nM Pol eta in columns 1, 2, and 5-48) were dispensed into a 1536-well black solid-bottom plate. Compounds (23 nL) were transferred via Kalypsys pin tool equipped with 1536-pin array. The plates were then incubated for 15 min at room temperature, and 1 uL of substrate was added to st",No enzyme,X,,Anticancer (Polymerase Eta inhibition),Zero enzyme activity,X
1259253,NA,"spenser and a small sterile cassette.  One column was media alone to be used as a :""no cells"" control.  The plates were then covered with sterilized stainless steel gasketed lids from Kalypsys.  After allowing cells to attach for 4 hours, 23 nL of test compound or control (negative control DMSO and positive control 9.2 uM Bortezomib-final) were added from a 1536-well polypropylene compound source plate to each well using a 1536 head pin tool from Kalypsys.  Cells were then incubated for 48 hours at 37C, 95% relative humidity and 5% CO2.  After 48 hours, plates were removed from the incubator a","spenser and a small sterile cassette.  One column was media alone to be used as a :""no cells"" control.  The plates were then covered with sterilized stainless steel gasketed lids from Kalypsys.  After allowing cells to attach for 4 hours, 23 nL of test compound or control (negative control DMSO and positive control 9.2 uM Bortezomib-final) were added from a 1536-well polypropylene compound source plate to each well using a 1536 head pin tool from Kalypsys.  Cells were then incubated for 48 hours at 37C, 95% relative humidity and 5% CO2.  After 48 hours, plates were removed from the incubator a",9.2 uM Bortezomib,DMSO,,Ewing sarcoma treatment,TC71 Ewing sarcoma cell viability inhibited by 9.2 uM Bortezomib,TC71 Ewing sarcoma cell viability inhibited by DMSO
1259255,NA,"spenser and a small sterile cassette.  One column was media alone to be used as a :""no cells"" control.  The plates were then covered with sterilized stainless steel gasketed lids from Kalypsys.  After allowing cells to attach for 4 hours, 23 nL of test compound or control (negative control DMSO and positive control 9.2 uM Bortezomib-final) were added from a 1536-well polypropylene compound source plate to each well using a 1536 head pin tool from Kalypsys.  Cells were then incubated for 48 hours at 37C, 95% relative humidity and 5% CO2.  After 48 hours, plates were removed from the incubator a","spenser and a small sterile cassette.  One column was media alone to be used as a :""no cells"" control.  The plates were then covered with sterilized stainless steel gasketed lids from Kalypsys.  After allowing cells to attach for 4 hours, 23 nL of test compound or control (negative control DMSO and positive control 9.2 uM Bortezomib-final) were added from a 1536-well polypropylene compound source plate to each well using a 1536 head pin tool from Kalypsys.  Cells were then incubated for 48 hours at 37C, 95% relative humidity and 5% CO2.  After 48 hours, plates were removed from the incubator a",9.2 uM Bortezomib,DMSO,,Ewing sarcoma treatment,EW8 Ewing sarcoma cell viability inhibited by 9.2 uM Bortezomib,EW8 Ewing sarcoma cell viability inhibited by DMSO
1296009,"egree celsius, 2.5 uL of CellTiter-Glo (Promega) was dispensed into each well using a BiorapTR. Plates were incubated at room temperature for 10 min, transferred to a ViewLux (PerkinElmer) and the luminescence was recorded using an exposure time of 2 seconds. Relative luminescence units (RLUs) were normalized to in-plate controls (no cells as a positive (cytotoxicity) control, DMSO as negative control) and the normalized data was processed using NCATS in-house software.Compound Ranking:1. Compounds are first classified as having full titration curves, partial modulation, partial curve (weaker ",NA," drive oncogenesis. The remaining MCCs are virus-negative (VN-MCC) and are caused by UV mutagenesis. To identify novel treatments for VP-MCC and/or VN-MCC we screened three VP-MCC cell lines (WAGA, MKL-1, MKL-2), three VN-MCC cell lines (MCC-13, MCC-26, UISO), and four immortalized, non-transformed control cell lines (HaCaT, HEK293T, CRL7250, NIH-3T3) against ~2,400 compounds in the NCGC Pharmaceutical Collection (NPC) and ~1,900 compounds in the Mechanism Interrogation PlatE (MiPE). Using cell viability as a readout (CellTiter-Glo assay) we found both overlapping and distinct drugs that can b",No cells,DMSO,Multiple cell types -- Additional processing required.,Merkel Cell Carcinoma Tratment,No cells,Cell growth inhibited by DMSO
1347089,NA,"Five microliters of cells were dispensed into 1,536-well, white, solid-bottom, TC-treated plates (Greiner Bio One) using a multidrop dispenser and incubated at 37 degrees C, 5% CO2, under a humidified atmosphere for 5 hours. Twenty-three nanoliters of compounds and controls (neutral control DMSO or positive control bortezomib at final concentration of 2.3 uM) were subsequently transferred by Kalypsys pintool. For primary screens, the MIPE collection was tested at 11-point dilutions (final concentrations range from 0.78 nM to 46 muM) and the NPC collection at 8-point dilutions (final concentrat","Five microliters of cells were dispensed into 1,536-well, white, solid-bottom, TC-treated plates (Greiner Bio One) using a multidrop dispenser and incubated at 37 degrees C, 5% CO2, under a humidified atmosphere for 5 hours. Twenty-three nanoliters of compounds and controls (neutral control DMSO or positive control bortezomib at final concentration of 2.3 uM) were subsequently transferred by Kalypsys pintool. For primary screens, the MIPE collection was tested at 11-point dilutions (final concentrations range from 0.78 nM to 46 muM) and the NPC collection at 8-point dilutions (final concentrat",2.3 uM Bortezomib,DMSO,,Ewing sarcoma treatment,TC32 Ewing sarcoma cell viability inhibited by 2.3 uM Bortezomib,TC32 Ewing sarcoma cell viability inhibited by DMSO
1347092,NA,"Five microliters of cells were dispensed into 1,536-well, white, solid-bottom, TC-treated plates (Greiner Bio One) using a multidrop dispenser and incubated at 37 degrees C, 5% CO2, under a humidified atmosphere for 5 hours. Twenty-three nanoliters of compounds and controls (neutral control DMSO or positive control bortezomib at final concentration of 2.3 uM) were subsequently transferred by Kalypsys pintool. For primary screens, the MIPE collection was tested at 11-point dilutions (final concentrations range from 0.78 nM to 46 muM) and the NPC collection at 8-point dilutions (final concentrat","Five microliters of cells were dispensed into 1,536-well, white, solid-bottom, TC-treated plates (Greiner Bio One) using a multidrop dispenser and incubated at 37 degrees C, 5% CO2, under a humidified atmosphere for 5 hours. Twenty-three nanoliters of compounds and controls (neutral control DMSO or positive control bortezomib at final concentration of 2.3 uM) were subsequently transferred by Kalypsys pintool. For primary screens, the MIPE collection was tested at 11-point dilutions (final concentrations range from 0.78 nM to 46 muM) and the NPC collection at 8-point dilutions (final concentrat",2.3 uM Bortezomib,DMSO,,Ewing sarcoma treatment,A673 Ewing sarcoma cell viability inhibited by 2.3 uM Bortezomib,A673 Ewing sarcoma cell viability inhibited by DMSO
1347093,NA,"Five microliters of cells were dispensed into 1,536-well, white, solid-bottom, TC-treated plates (Greiner Bio One) using a multidrop dispenser and incubated at 37 degrees C, 5% CO2, under a humidified atmosphere for 5 hours. Twenty-three nanoliters of compounds and controls (neutral control DMSO or positive control bortezomib at final concentration of 2.3 muM) were subsequently transferred by Kalypsys pintool. For primary screens, the MIPE collection was tested at 11-point dilutions (final concentrations range from 0.78 nM to 46 muM) and the NPC collection at 8-point dilutions (final concentra","Five microliters of cells were dispensed into 1,536-well, white, solid-bottom, TC-treated plates (Greiner Bio One) using a multidrop dispenser and incubated at 37 degrees C, 5% CO2, under a humidified atmosphere for 5 hours. Twenty-three nanoliters of compounds and controls (neutral control DMSO or positive control bortezomib at final concentration of 2.3 muM) were subsequently transferred by Kalypsys pintool. For primary screens, the MIPE collection was tested at 11-point dilutions (final concentrations range from 0.78 nM to 46 muM) and the NPC collection at 8-point dilutions (final concentra",2.3 uM Bortezomib,DMSO,,Ewing sarcoma treatment,SK-N-MC Ewing sarcoma cell viability inhibited by 2.3 uM Bortezomib,SK-N-MC Ewing sarcoma cell viability inhibited by DMSO
1347094,NA,"Five microliters of cells were dispensed into 1,536-well, white, solid-bottom, TC-treated plates (Greiner Bio One) using a multidrop dispenser and incubated at 37 degrees C, 5% CO2, under a humidified atmosphere for 5 hours. Twenty-three nanoliters of compounds and controls (neutral control DMSO or positive control bortezomib at final concentration of 2.3 muM) were subsequently transferred by Kalypsys pintool. For primary screens, the MIPE collection was tested at 11-point dilutions (final concentrations range from 0.78 nM to 46 muM) and the NPC collection at 8-point dilutions (final concentra","Five microliters of cells were dispensed into 1,536-well, white, solid-bottom, TC-treated plates (Greiner Bio One) using a multidrop dispenser and incubated at 37 degrees C, 5% CO2, under a humidified atmosphere for 5 hours. Twenty-three nanoliters of compounds and controls (neutral control DMSO or positive control bortezomib at final concentration of 2.3 muM) were subsequently transferred by Kalypsys pintool. For primary screens, the MIPE collection was tested at 11-point dilutions (final concentrations range from 0.78 nM to 46 muM) and the NPC collection at 8-point dilutions (final concentra",2.3 uM Bortezomib,DMSO,,Atypical teratoid/rhabdoid tumor treatment,BT37 Atypical teratoid/rhabdoid tumor viability inhibited by 2.3 uM Bortezomib,BT37 Atypical teratoid/rhabdoid tumor cell viability inhibited by DMSO
1347095,NA,"Five microliters of cells were dispensed into 1,536-well, white, solid-bottom, TC-treated plates (Greiner Bio One) using a multidrop dispenser and incubated at 37 degrees C, 5% CO2, under a humidified atmosphere for 5 hours. Twenty-three nanoliters of compounds and controls (neutral control DMSO or positive control bortezomib at final concentration of 2.3 muM) were subsequently transferred by Kalypsys pintool. For primary screens, the MIPE collection was tested at 11-point dilutions (final concentrations range from 0.78 nM to 46 muM) and the NPC collection at 8-point dilutions (final concentra","Five microliters of cells were dispensed into 1,536-well, white, solid-bottom, TC-treated plates (Greiner Bio One) using a multidrop dispenser and incubated at 37 degrees C, 5% CO2, under a humidified atmosphere for 5 hours. Twenty-three nanoliters of compounds and controls (neutral control DMSO or positive control bortezomib at final concentration of 2.3 muM) were subsequently transferred by Kalypsys pintool. For primary screens, the MIPE collection was tested at 11-point dilutions (final concentrations range from 0.78 nM to 46 muM) and the NPC collection at 8-point dilutions (final concentra",2.3 uM Bortezomib,DMSO,,Neuroblastoma treatment,NB-EBc1 Neuroblastoma cell viability inhibited by 2.3 uM Bortezomib,NB-EBc1 Neuroblastoma cell viability inhibited by DMSO
1347100,NA,"Five microliters of cells were dispensed into 1,536-well, white, solid-bottom, TC-treated plates (Greiner Bio One) using a multidrop dispenser and incubated at 37 degrees C, 5% CO2, under a humidified atmosphere for 5 hours. Twenty-three nanoliters of compounds and controls (neutral control DMSO or positive control bortezomib at final concentration of 2.3 muM) were subsequently transferred by Kalypsys pintool. For primary screens, the MIPE collection was tested at 11-point dilutions (final concentrations range from 0.78 nM to 46 muM) and the NPC collection at 8-point dilutions (final concentra","Five microliters of cells were dispensed into 1,536-well, white, solid-bottom, TC-treated plates (Greiner Bio One) using a multidrop dispenser and incubated at 37 degrees C, 5% CO2, under a humidified atmosphere for 5 hours. Twenty-three nanoliters of compounds and controls (neutral control DMSO or positive control bortezomib at final concentration of 2.3 muM) were subsequently transferred by Kalypsys pintool. For primary screens, the MIPE collection was tested at 11-point dilutions (final concentrations range from 0.78 nM to 46 muM) and the NPC collection at 8-point dilutions (final concentra",2.3 uM Bortezomib,DMSO,,Neuroblastoma treatment,LAN-5 Neuroblastoma cell viability inhibited by 2.3 uM Bortezomib,LAN-5 Neuroblastoma cell viability inhibited by DMSO
1347103,NA,"Five microliters of cells were dispensed into 1,536-well, white, solid-bottom, TC-treated plates (Greiner Bio One) using a multidrop dispenser and incubated at 37 degrees C, 5% CO2, under a humidified atmosphere for 5 hours. Twenty-three nanoliters of compounds and controls (neutral control DMSO or positive control bortezomib at final concentration of 2.3 muM) were subsequently transferred by Kalypsys pintool. For primary screens, the MIPE collection was tested at 11-point dilutions (final concentrations range from 0.78 nM to 46 muM) and the NPC collection at 8-point dilutions (final concentra","Five microliters of cells were dispensed into 1,536-well, white, solid-bottom, TC-treated plates (Greiner Bio One) using a multidrop dispenser and incubated at 37 degrees C, 5% CO2, under a humidified atmosphere for 5 hours. Twenty-three nanoliters of compounds and controls (neutral control DMSO or positive control bortezomib at final concentration of 2.3 muM) were subsequently transferred by Kalypsys pintool. For primary screens, the MIPE collection was tested at 11-point dilutions (final concentrations range from 0.78 nM to 46 muM) and the NPC collection at 8-point dilutions (final concentra",2.3 uM Bortezomib,DMSO,,Osteosarcoma treatment,OHS-50 Osteosarcoma cell viability inhibited by 2.3 uM Bortezomib,OHS-50 Osteosarcoma cell viability inhibited by DMSO
1347110,NA,"Five microliters of cells were dispensed into 1,536-well, white, solid-bottom, TC-treated plates (Greiner Bio One) using a multidrop dispenser and incubated at 37 degrees C, 5% CO2, under a humidified atmosphere for 5 hours. Twenty-three nanoliters of compounds and controls (neutral control DMSO or positive control bortezomib at final concentration of 2.3 uM) were subsequently transferred by Kalypsys pintool. For primary screens, the MIPE collection was tested at 11-point dilutions (final concentrations range from 0.78 nM to 46 muM) and the NPC collection at 8-point dilutions (final concentrat","Five microliters of cells were dispensed into 1,536-well, white, solid-bottom, TC-treated plates (Greiner Bio One) using a multidrop dispenser and incubated at 37 degrees C, 5% CO2, under a humidified atmosphere for 5 hours. Twenty-three nanoliters of compounds and controls (neutral control DMSO or positive control bortezomib at final concentration of 2.3 uM) were subsequently transferred by Kalypsys pintool. For primary screens, the MIPE collection was tested at 11-point dilutions (final concentrations range from 0.78 nM to 46 muM) and the NPC collection at 8-point dilutions (final concentrat",2.3 uM Bortezomib,DMSO,,Ewing sarcoma treatment,A673 Ewing sarcoma cell viability inhibited by 2.3 uM Bortezomib,A673 Ewing sarcoma cell viability inhibited by DMSO
1347111,NA,"Five microliters of cells were dispensed into 1,536-well, white, solid-bottom, TC-treated plates (Greiner Bio One) using a multidrop dispenser and incubated at 37 degrees C, 5% CO2, under a humidified atmosphere for 5 hours. Twenty-three nanoliters of compounds and controls (neutral control DMSO or positive control bortezomib at final concentration of 2.3 muM) were subsequently transferred by Kalypsys pintool. For primary screens, the MIPE collection was tested at 11-point dilutions (final concentrations range from 0.78 nM to 46 muM) and the NPC collection at 8-point dilutions (final concentra","Five microliters of cells were dispensed into 1,536-well, white, solid-bottom, TC-treated plates (Greiner Bio One) using a multidrop dispenser and incubated at 37 degrees C, 5% CO2, under a humidified atmosphere for 5 hours. Twenty-three nanoliters of compounds and controls (neutral control DMSO or positive control bortezomib at final concentration of 2.3 muM) were subsequently transferred by Kalypsys pintool. For primary screens, the MIPE collection was tested at 11-point dilutions (final concentrations range from 0.78 nM to 46 muM) and the NPC collection at 8-point dilutions (final concentra",2.3 uM Bortezomib,DMSO,,Ewing sarcoma treatment,SK-N-MC Ewing sarcoma cell viability inhibited by 2.3 uM Bortezomib,SK-N-MC Ewing sarcoma cell viability inhibited by DMSO
1347115,NA,"Five microliters of cells were dispensed into 1,536-well, white, solid-bottom, TC-treated plates (Greiner Bio One) using a multidrop dispenser and incubated at 37 degrees C, 5% CO2, under a humidified atmosphere for 5 hours. Twenty-three nanoliters of compounds and controls (neutral control DMSO or positive control bortezomib at final concentration of 2.3 muM) were subsequently transferred by Kalypsys pintool. For primary screens, the MIPE collection was tested at 11-point dilutions (final concentrations range from 0.78 nM to 46 muM) and the NPC collection at 8-point dilutions (final concentra","Five microliters of cells were dispensed into 1,536-well, white, solid-bottom, TC-treated plates (Greiner Bio One) using a multidrop dispenser and incubated at 37 degrees C, 5% CO2, under a humidified atmosphere for 5 hours. Twenty-three nanoliters of compounds and controls (neutral control DMSO or positive control bortezomib at final concentration of 2.3 muM) were subsequently transferred by Kalypsys pintool. For primary screens, the MIPE collection was tested at 11-point dilutions (final concentrations range from 0.78 nM to 46 muM) and the NPC collection at 8-point dilutions (final concentra",2.3 uM Bortezomib,DMSO,,Neuroblastoma treatment,NB-EBc1 Neuroblastoma cell viability inhibited by 2.3 uM Bortezomib,NB-EBc1 Neuroblastoma cell viability inhibited by DMSO
1347117,NA,"Five microliters of cells were dispensed into 1,536-well, white, solid-bottom, TC-treated plates (Greiner Bio One) using a multidrop dispenser and incubated at 37 degrees C, 5% CO2, under a humidified atmosphere for 5 hours. Twenty-three nanoliters of compounds and controls (neutral control DMSO or positive control bortezomib at final concentration of 2.3 muM) were subsequently transferred by Kalypsys pintool. For primary screens, the MIPE collection was tested at 11-point dilutions (final concentrations range from 0.78 nM to 46 muM) and the NPC collection at 8-point dilutions (final concentra","Five microliters of cells were dispensed into 1,536-well, white, solid-bottom, TC-treated plates (Greiner Bio One) using a multidrop dispenser and incubated at 37 degrees C, 5% CO2, under a humidified atmosphere for 5 hours. Twenty-three nanoliters of compounds and controls (neutral control DMSO or positive control bortezomib at final concentration of 2.3 muM) were subsequently transferred by Kalypsys pintool. For primary screens, the MIPE collection was tested at 11-point dilutions (final concentrations range from 0.78 nM to 46 muM) and the NPC collection at 8-point dilutions (final concentra",2.3 uM Bortezomib,DMSO,,Atypical teratoid/rhabdoid tumor treatment,BT37 Atypical teratoid/rhabdoid tumor viability inhibited by 2.3 uM Bortezomib,BT37 Atypical teratoid/rhabdoid tumor cell viability inhibited by DMSO
1347118,NA,"Five microliters of cells were dispensed into 1,536-well, white, solid-bottom, TC-treated plates (Greiner Bio One) using a multidrop dispenser and incubated at 37 degrees C, 5% CO2, under a humidified atmosphere for 5 hours. Twenty-three nanoliters of compounds and controls (neutral control DMSO or positive control bortezomib at final concentration of 2.3 uM) were subsequently transferred by Kalypsys pintool. For primary screens, the MIPE collection was tested at 11-point dilutions (final concentrations range from 0.78 nM to 46 muM) and the NPC collection at 8-point dilutions (final concentrat","Five microliters of cells were dispensed into 1,536-well, white, solid-bottom, TC-treated plates (Greiner Bio One) using a multidrop dispenser and incubated at 37 degrees C, 5% CO2, under a humidified atmosphere for 5 hours. Twenty-three nanoliters of compounds and controls (neutral control DMSO or positive control bortezomib at final concentration of 2.3 uM) were subsequently transferred by Kalypsys pintool. For primary screens, the MIPE collection was tested at 11-point dilutions (final concentrations range from 0.78 nM to 46 muM) and the NPC collection at 8-point dilutions (final concentrat",2.3 uM Bortezomib,DMSO,,Ewing sarcoma treatment,TC32 Ewing sarcoma cell viability inhibited by 2.3 uM Bortezomib,TC32 Ewing sarcoma cell viability inhibited by DMSO
1671190,NA,NA,"ry, University of California, Santa Cruz.PROTOCOL TABLESEQUENCE No. (e.g., 1, 2, 3, etc.); PARAMETER (e.g., Cells, Incubation, Reagent, etc.); VALUE; DESCRIPTION1; Enzyme; 3 uL; 150 nM 12hLO enzyme solution dispensed in 1536-well Greiner black, clear bottom plates. 2; Compound; 23 nL; compounds and controls were added.3; Incubate; 15 min; room temperature.4; Substrate; 1 uL; 40 uM arachidonic acid (final concentration).5; Incubate; 30 min; room temperature.6; Reagent; 4 uL; Fe-XO solution was added to each well.7; Incubation; 30 min; room temperature8; Detector; absorbance; Read 1 at 405 nm ab",No enzyme,150 nM 12hLO without inhibition,,Anti-oxidation (Human lipoxygenase 12hLO inhibition),Zero enzyme activity,150 nM 12hLO activity without inhibition
1845192,NA,NA,"cific inhibitors and can here present a validated pipeline for future discovery research for selenoprotein-targeting agents.PROTOCOL TABLESEQUENCE No. (e.g., 1, 2, 3, etc.); PARAMETER (e.g., Cells, Incubation, Reagent, etc.); VALUE; DESCRIPTION.1; Reagent 1; 3 uL; 333.33 nM GPx4 enzyme or no enzyme control in 1536-well, black, solid Greiner assay plate. 2; Compound; 25 nL; Kalypsis pin tool (Wako USA) equipped with a 1536-well pin head.3; Incubation; 30 min; room temperature. 4; Reagent 2; 1 uL; 500 nM GR, 5 mM GSH, 2.5 mM NADPH solution5; Reagent 3; 1 uL; 2.5 mM CHP in 50% EtOH.6; Detection; ",No enzyme,333.33 nM GPX4 with DMSO,,Anticancer (Selenoprotein glutathione peroxidase 4 (GPX4) inhibition),Zero enzyme activity,333.33 nM GPX4 activity with DMSO
1918961,NA,NA," per well for inhibition of cell viability (assessed by measuring ATP levels with CellTiterGlo). 2. NCATS MIPE 4.0 library of approved and investigational drugs were added using the Kalypsis pin tool. Wells treated with DMSO only for 100% viability and media only wells for 0% viability were used as controls.3. The assay plates were covered and incubated for 48 hours in a 37C, 5% CO2 incubator with controlled humidity.4. After 48 hours, CellTilter-GloTM luminescent substrate mix (Promega) reagent was added to the assay plate and plates we incubated for 5 min at room temperature. 5. Signal was m",No cells,Karpas417_ECACC cell with DMSO,,Anticancer (Myeloma),Zero cell viability,Karpas417_ECACC cell viability with DMSO
1918974,NA,NA," per well for inhibition of cell viability (assessed by measuring ATP levels with CellTiterGlo). 2. NCATS MIPE 4.0 library of approved and investigational drugs were added using the Kalypsis pin tool. Wells treated with DMSO only for 100% viability and media only wells for 0% viability were used as controls.3. The assay plates were covered and incubated for 48 hours in a 37C, 5% CO2 incubator with controlled humidity.4. After 48 hours, CellTilter-GloTM luminescent substrate mix (Promega) reagent was added to the assay plate and plates we incubated for 5 min at room temperature. 5. Signal was m",No cells,KMS21BM_JCRB cell with DMSO,,Anticancer (Myeloma),Zero cell viability,KMS21BM_JCRB cell viability with DMSO
1918981,NA,NA,", 5-uL per well for inhibition of cell viability (assessed by measuring ATP levels with CellTiterGlo). 2. NCATS MIPE 4.0 library of approved and investigational drugs were added using the Kalypsis pin tool. Wells treated with DMSO only for 100% viability and media only for 0% viability were used as controls.3. The assay plates were covered and incubated for 48 hours in a 37C, 5% CO2 incubator with controlled humidity.4. After 48 hours, CellTilter-GloTM luminescent substrate mix (Promega) reagent was added to the assay plate and plates we incubated for 5 min at room temperature. 5. Signal was m",No cells,MM1R_ATCC cell with DMSO,,Anticancer (Myeloma),Zero cell viability,MM1R_ATCC cell viability with DMSO
1919868,NA,NA,", 5-uL per well for inhibition of cell viability (assessed by measuring ATP levels with CellTiterGlo). 2. NCATS MIPE 4.0 library of approved and investigational drugs were added using the Kalypsis pin tool. Wells treated with DMSO only for 100% viability and media only for 0% viability were used as controls.3. The assay plates were covered and incubated for 48 hours in a 37C, 5% CO2 incubator with controlled humidity.4. After 48 hours, CellTilter-GloTM luminescent substrate mix (Promega) reagent was added to the assay plate and plates we incubated for 5 min at room temperature. 5. Signal was m",No cells,UTMC2_PLB cell with DMSO,,Anticancer (Myeloma),Zero cell viability,UTMC2_PLB cell viability with DMSO
1963876,"roliter CellTilter-GloTM luminescent substrate mix (Promega) reagent was added to the assay plate and incubated at room temperature for 5 min. 6. The luminescence signal was measured using a ViewLux (PerkinElmer) multiplate reader with a 2 second exposure time per plate. Data for each compound were normalized as percent viability such that measurements for DMSO and the empty well controls in each plate were defined as 100% and 0%, respectively.Disclaimer:Although all reasonable efforts have been made to ensure the accuracy and reliability of the data, caution should be exercised when interpret",NA,"0 cells/well and the P12-Ichikawa line at 1000 cells/well. 2. After seeding the cells, 23 nL of MIPE 4.1 library compounds (in DMSO) were added to each plate using a Kalypsys 1536 Pintool dispenser. Bortezomib at final concentration of 2 mM and DMSO were added to each plate as positive and negative controls respectively. For each screen, MIPE 4.1 compounds were added over an eleven-point concentration range from 47 mM to 0.79 nM in 3-fold dilutions.3. Each plate was covered with a stainless steel gasketed lid to prevent evaporation and incubated for 48 hour at 37C, 95% relative humidity, and 5",No cells,DMSO,,Acute myeloid leukemia treatment,No cells,NOMO1 cell inhibited by DMSO
1963878,"roliter CellTilter-GloTM luminescent substrate mix (Promega) reagent was added to the assay plate and incubated at room temperature for 5 min. 6. The luminescence signal was measured using a ViewLux (PerkinElmer) multiplate reader with a 2 second exposure time per plate. Data for each compound were normalized as percent viability such that measurements for DMSO and the empty well controls in each plate were defined as 100% and 0%, respectively.Disclaimer:Although all reasonable efforts have been made to ensure the accuracy and reliability of the data, caution should be exercised when interpret",NA,"0 cells/well and the P12-Ichikawa line at 1000 cells/well. 2. After seeding the cells, 23 nL of MIPE 4.1 library compounds (in DMSO) were added to each plate using a Kalypsys 1536 Pintool dispenser. Bortezomib at final concentration of 2 mM and DMSO were added to each plate as positive and negative controls respectively. For each screen, MIPE 4.1 compounds were added over an eleven-point concentration range from 47 mM to 0.79 nM in 3-fold dilutions.3. Each plate was covered with a stainless steel gasketed lid to prevent evaporation and incubated for 48 hour at 37C, 95% relative humidity, and 5",No cells,DMSO,,Acute myeloid leukemia treatment,No cells,NOMO1 cell inhibited by DMSO
1964101,NA,"ncubation; 15 min; room temperature.4; Reagent; 4 uL; 2.5 uM Peptide 2 substrate.5; Incubation; 1 hr; room temperature.6; Detection; Fluorescence; WiewLux microplate reader (PerkinElmer), 525 nm excitation, 598/25 nm emission. NOTES (numbers refer to sequence numbers above). 1. Briefly, 20 nL DMSO, positive control ZnAc (20nM final concentration), and test compounds were transferred into a 1,536-well solid bottom black plate (789176-F, Greiner One) via Echo 655 acoustic dispenser (Beckman Coulter). For primary screens, compounds were tested at 7 concentrations, 1:3 dilution points ranging from","ncubation; 15 min; room temperature.4; Reagent; 4 uL; 2.5 uM Peptide 2 substrate.5; Incubation; 1 hr; room temperature.6; Detection; Fluorescence; WiewLux microplate reader (PerkinElmer), 525 nm excitation, 598/25 nm emission. NOTES (numbers refer to sequence numbers above). 1. Briefly, 20 nL DMSO, positive control ZnAc (20nM final concentration), and test compounds were transferred into a 1,536-well solid bottom black plate (789176-F, Greiner One) via Echo 655 acoustic dispenser (Beckman Coulter). For primary screens, compounds were tested at 7 concentrations, 1:3 dilution points ranging from",20 nM Zinc Acetate,DMSO,,Chikungunya virus (CHIKV) treatment,CHIKV nsP2 protease inhibition by 20 nM Zinc Acetate,CHIKV nsP2 protease inhibition by DMSO
1964105,NA,"Incubation; 15 min; room temperature.4; Reagent; 4 uL; 2.5 uM Peptide 2 substrate.5; Incubation; 1 hr; room temperature.6; Detection; Fluorescence; WiewLux microplate reader (PerkinElmer), 525 nm excitation, 598/25 nm emission. NOTES (numbers refer to sequence numbers above). 1.Briefly, 20 nL DMSO, positive control ZnAc (20nM final concentration), and test compounds were transferred into a 1,536-well solid bottom black plate (789176-F, Greiner One) via Echo 655 acoustic dispenser (Beckman Coulter). For primary screens, compounds were tested at 7 concentrations, 1:3 dilution points ranging from","Incubation; 15 min; room temperature.4; Reagent; 4 uL; 2.5 uM Peptide 2 substrate.5; Incubation; 1 hr; room temperature.6; Detection; Fluorescence; WiewLux microplate reader (PerkinElmer), 525 nm excitation, 598/25 nm emission. NOTES (numbers refer to sequence numbers above). 1.Briefly, 20 nL DMSO, positive control ZnAc (20nM final concentration), and test compounds were transferred into a 1,536-well solid bottom black plate (789176-F, Greiner One) via Echo 655 acoustic dispenser (Beckman Coulter). For primary screens, compounds were tested at 7 concentrations, 1:3 dilution points ranging from",20 nM Zinc Acetate,DMSO,,Chikungunya virus (CHIKV) treatment,CHIKV nsP2 protease inhibition by 20 nM Zinc Acetate,CHIKV nsP2 protease inhibition by DMSO
2202232,"ay (Promega). In detail, 3 uL of Cell Titer Glo were added to each well and plates were incubated at room temperature for 15 min with a stainless-steel lid in place. Luminescence readings were taken using a Viewlux (PerkinElmer) with a 2 s exposure time per plate. Compound dose-response curves were normalized to DMSO and empty well controls on each plate. Quantitative drug activity data from dose-response curves was determined utilizing area Under the Curve (AUC) and Z-transformed AUC (Z-AUC, a mean-centering transformation applied to each individual cell-line screened).Compound Ranking:1. Com",NA,"ell Titer Glo were added to each well and plates were incubated at room temperature for 15 min with a stainless-steel lid in place. Luminescence readings were taken using a Viewlux (PerkinElmer) with a 2 s exposure time per plate. Compound dose-response curves were normalized to DMSO and empty well controls on each plate. Quantitative drug activity data from dose-response curves was determined utilizing area Under the Curve (AUC) and Z-transformed AUC (Z-AUC, a mean-centering transformation applied to each individual cell-line screened).Compound Ranking:1. Compounds are first classified as hav",No cells,DMSO,,Acute myeloid leukemia treatment,No cells,OCI-AML3 cell inhibited by DMSO
2202233,"ay (Promega). In detail, 3 uL of Cell Titer Glo were added to each well and plates were incubated at room temperature for 15 min with a stainless-steel lid in place. Luminescence readings were taken using a Viewlux (PerkinElmer) with a 2 s exposure time per plate. Compound dose-response curves were normalized to DMSO and empty well controls on each plate. Quantitative drug activity data from dose-response curves was determined utilizing area Under the Curve (AUC) and Z-transformed AUC (Z-AUC, a mean-centering transformation applied to each individual cell-line screened).Compound Ranking:1. Com",NA,"ell Titer Glo were added to each well and plates were incubated at room temperature for 15 min with a stainless-steel lid in place. Luminescence readings were taken using a Viewlux (PerkinElmer) with a 2 s exposure time per plate. Compound dose-response curves were normalized to DMSO and empty well controls on each plate. Quantitative drug activity data from dose-response curves was determined utilizing area Under the Curve (AUC) and Z-transformed AUC (Z-AUC, a mean-centering transformation applied to each individual cell-line screened).Compound Ranking:1. Compounds are first classified as hav",No cells,DMSO,,Acute myeloid leukemia treatment,No cells,MV-4-11 cell inhibited by DMSO
2202234,"ay (Promega). In detail, 3 uL of Cell Titer Glo were added to each well and plates were incubated at room temperature for 15 min with a stainless-steel lid in place. Luminescence readings were taken using a Viewlux (PerkinElmer) with a 2 s exposure time per plate. Compound dose-response curves were normalized to DMSO and empty well controls on each plate. Quantitative drug activity data from dose-response curves was determined utilizing area Under the Curve (AUC) and Z-transformed AUC (Z-AUC, a mean-centering transformation applied to each individual cell-line screened).Compound Ranking:1. Com",NA,"ell Titer Glo were added to each well and plates were incubated at room temperature for 15 min with a stainless-steel lid in place. Luminescence readings were taken using a Viewlux (PerkinElmer) with a 2 s exposure time per plate. Compound dose-response curves were normalized to DMSO and empty well controls on each plate. Quantitative drug activity data from dose-response curves was determined utilizing area Under the Curve (AUC) and Z-transformed AUC (Z-AUC, a mean-centering transformation applied to each individual cell-line screened).Compound Ranking:1. Compounds are first classified as hav",No cells,DMSO,,Acute myeloid leukemia treatment,No cells,HNT-34 cell inhibited by DMSO
2202235,"ay (Promega). In detail, 3 uL of Cell Titer Glo were added to each well and plates were incubated at room temperature for 15 min with a stainless-steel lid in place. Luminescence readings were taken using a Viewlux (PerkinElmer) with a 2 s exposure time per plate. Compound dose-response curves were normalized to DMSO and empty well controls on each plate. Quantitative drug activity data from dose-response curves was determined utilizing area Under the Curve (AUC) and Z-transformed AUC (Z-AUC, a mean-centering transformation applied to each individual cell-line screened).Compound Ranking:1. Com",NA,"ell Titer Glo were added to each well and plates were incubated at room temperature for 15 min with a stainless-steel lid in place. Luminescence readings were taken using a Viewlux (PerkinElmer) with a 2 s exposure time per plate. Compound dose-response curves were normalized to DMSO and empty well controls on each plate. Quantitative drug activity data from dose-response curves was determined utilizing area Under the Curve (AUC) and Z-transformed AUC (Z-AUC, a mean-centering transformation applied to each individual cell-line screened).Compound Ranking:1. Compounds are first classified as hav",No cells,DMSO,,Acute myeloid leukemia treatment,No cells,UCSD-AML1 cell inhibited by DMSO
