"AID","Rep","DMD_ID","PUBCHEM_RESULT_TAG","PUBCHEM_SID","PUBCHEM_CID","PUBCHEM_EXT_DATASOURCE_SMILES","PUBCHEM_ACTIVITY_OUTCOME","PUBCHEM_ACTIVITY_SCORE","PUBCHEM_ACTIVITY_URL","PUBCHEM_ASSAYDATA_COMMENT","PubChem Standard Value","Standard Type"
"464598",NA,"DMD301956","1",103741740,5282944,"CCCCC/C=C\C=C\C(CCCCCCCC(=O)O)O","Active",NA,NA,NA,"7.2","IC50"
"2066327",NA,"DMD301956","1",103741740,5282944,"CCCCC/C=C\C=C\C(CCCCCCCC(=O)O)O","Active",NA,NA,NA,"7.5","EC50"
"1091198",NA,"DMD301956","3",104246862,5312830,"CCCCC/C=C\C=C\[C@H](CCCCCCCC(=O)O)O","Active",NA,NA,NA,"10","IC50"
"6952",NA,"DMD301968","4",103419145,5280733,"CCCCC/C=C\C/C=C\C/C=C\C=C\[C@H](CCCC(=O)O)O","Active",NA,NA,NA,"2","IC50"
"1410868",NA,"DMD301972","1",242324953,5283155,"CCCCC/C=C\C[C@@H](/C=C/C=C\C/C=C\CCCC(=O)O)O","Active",NA,NA,NA,"0.5","IC50"
"165612",NA,"DMD301972","5",131277740,5283156,"CCCCC/C=C\C[C@H](/C=C/C=C\C/C=C\CCCC(=O)O)O","Active",NA,NA,NA,"4","IC50"
"6781",NA,"DMD301973","10",103719170,5280724,"CCCCC[C@@H](/C=C/C=C\C/C=C\C/C=C\CCCC(=O)O)O","Active",NA,NA,NA,"1.45","IC50"
"6794",NA,"DMD301973","20",103719170,5280724,"CCCCC[C@@H](/C=C/C=C\C/C=C\C/C=C\CCCC(=O)O)O","Active",NA,NA,NA,"7.3","IC50"
"6809",NA,"DMD301973","47",103719170,5280724,"CCCCC[C@@H](/C=C/C=C\C/C=C\C/C=C\CCCC(=O)O)O","Active",NA,NA,NA,"7.3","IC50"
"579486",NA,"DMD301975","1",103182710,5283159,"CCCCC/C=C\C/C=C\C/C=C\C=C\C(=O)CCCC(=O)O","Active",NA,NA,NA,"0.007","EC50"
"590148",NA,"DMD301975","1",103182710,5283159,"CCCCC/C=C\C/C=C\C/C=C\C=C\C(=O)CCCC(=O)O","Active",NA,NA,NA,"0.004","EC50"
"590219",NA,"DMD301975","1",103182710,5283159,"CCCCC/C=C\C/C=C\C/C=C\C=C\C(=O)CCCC(=O)O","Active",NA,NA,NA,"0.003","IC50"
"1119233",NA,"DMD301975","1",103182710,5283159,"CCCCC/C=C\C/C=C\C/C=C\C=C\C(=O)CCCC(=O)O","Active",NA,NA,NA,"0.067","EC50"
"1497846",NA,"DMD301975","1",103182710,5283159,"CCCCC/C=C\C/C=C\C/C=C\C=C\C(=O)CCCC(=O)O","Active",NA,NA,NA,"0.22","EC50"
"1179714",NA,"DMD301977","2",103295793,5280701,"CCCCCC(=O)/C=C/C=C\C/C=C\C/C=C\CCCC(=O)O","Active",NA,NA,NA,"1","IC50"
"1179714",NA,"DMD301976","4",312347275,5283162,"CCCCC/C=C\CC(=O)/C=C/C=C\C/C=C\CCCC(=O)O","Active",NA,NA,NA,"8","IC50"
"1179715",NA,"DMD301976","4",312347275,5283162,"CCCCC/C=C\CC(=O)/C=C/C=C\C/C=C\CCCC(=O)O","Active",NA,NA,NA,"3","IC50"
"1667132",NA,"DMD301978","2",242488434,5283202,"CCCCC/C=C\C/C=C\C/C=C\CC1C(O1)CCCC(=O)O","Active",NA,NA,NA,"0.15","EC50"
"1187529",NA,"DMD301981","1",103165992,5283205,"CCCCCC1C(O1)C/C=C\C/C=C\C/C=C\CCCC(=O)O","Active",NA,NA,NA,"2.2","EC50"
"101318",NA,"DMD301910","7",103256813,5280492,"CCCCC/C=C\C[C@H](/C=C/C=C/C=C\[C@H](CCCC(=O)O)O)O","Active",NA,NA,NA,"0.0019","IC50"
"101322",NA,"DMD301910","11",103256813,5280492,"CCCCC/C=C\C[C@H](/C=C/C=C/C=C\[C@H](CCCC(=O)O)O)O","Active",NA,NA,NA,"0.0019","IC50"
"102454",NA,"DMD301910","2",103256813,5280492,"CCCCC/C=C\C[C@H](/C=C/C=C/C=C\[C@H](CCCC(=O)O)O)O","Active",NA,NA,NA,"0.032","IC50"
"102466",NA,"DMD301910","2",103256813,5280492,"CCCCC/C=C\C[C@H](/C=C/C=C/C=C\[C@H](CCCC(=O)O)O)O","Active",NA,NA,NA,"0.0019","IC50"
"222481",NA,"DMD301910","2",103256813,5280492,"CCCCC/C=C\C[C@H](/C=C/C=C/C=C\[C@H](CCCC(=O)O)O)O","Active",NA,NA,NA,"0.00179","IC50"
"1877361",NA,"DMD301912","1",103214066,5280878,"CCCCC/C=C\C/C=C\C=C\C=C\[C@H]([C@H](CCCC(=O)O)O)SC[C@@H](C(=O)NCC(=O)O)N","Active",NA,NA,NA,"0.0009","EC50"
"1877361",NA,"DMD301911","2",103591345,5280493,"CCCCC/C=C\C/C=C\C=C\C=C\[C@H]([C@H](CCCC(=O)O)O)SC[C@@H](C(=O)NCC(=O)O)NC(=O)CC[C@@H](C(=O)O)N","Active",NA,NA,NA,"0.043","EC50"
"1877361",NA,"DMD301913","3",103591347,5280879,"CCCCC/C=C\C/C=C\C=C\C=C\[C@H]([C@H](CCCC(=O)O)O)SC[C@@H](C(=O)O)N","Active",NA,NA,NA,"0.104","EC50"
"1877362",NA,"DMD301912","1",103214066,5280878,"CCCCC/C=C\C/C=C\C=C\C=C\[C@H]([C@H](CCCC(=O)O)O)SC[C@@H](C(=O)NCC(=O)O)N","Active",NA,NA,NA,"0.0044","EC50"
"1877362",NA,"DMD301911","2",103591345,5280493,"CCCCC/C=C\C/C=C\C=C\C=C\[C@H]([C@H](CCCC(=O)O)O)SC[C@@H](C(=O)NCC(=O)O)NC(=O)CC[C@@H](C(=O)O)N","Active",NA,NA,NA,"0.0089","EC50"
"1877362",NA,"DMD301913","3",103591347,5280879,"CCCCC/C=C\C/C=C\C=C\C=C\[C@H]([C@H](CCCC(=O)O)O)SC[C@@H](C(=O)O)N","Active",NA,NA,NA,"0.293","EC50"
"405526",NA,"DMD301911","3",103640291,5283134,"CCCCC/C=C\C/C=C/C=C/C=C/[C@H]([C@H](CCCC(=O)O)O)SC[C@@H](C(=O)NCC(=O)O)NC(=O)CC[C@@H](C(=O)O)N","Active",NA,NA,NA,"0.0012","IC50"
"405527",NA,"DMD301911","3",103640291,5283134,"CCCCC/C=C\C/C=C/C=C/C=C/[C@H]([C@H](CCCC(=O)O)O)SC[C@@H](C(=O)NCC(=O)O)NC(=O)CC[C@@H](C(=O)O)N","Active",NA,NA,NA,"5","IC50"
"75945",NA,"DMD301912","1",103214066,5280878,"CCCCC/C=C\C/C=C\C=C\C=C\[C@H]([C@H](CCCC(=O)O)O)SC[C@@H](C(=O)NCC(=O)O)N","Active",NA,NA,NA,"0.00392","EC50"
"75949",NA,"DMD301912","1",103214066,5280878,"CCCCC/C=C\C/C=C\C=C\C=C\[C@H]([C@H](CCCC(=O)O)O)SC[C@@H](C(=O)NCC(=O)O)N","Active",NA,NA,NA,"0.000513","EC50"
"566263",NA,"DMD301912","1",103214066,5280878,"CCCCC/C=C\C/C=C\C=C\C=C\[C@H]([C@H](CCCC(=O)O)O)SC[C@@H](C(=O)NCC(=O)O)N","Active",NA,NA,NA,"0.007","IC50"
"681600",NA,"DMD301912","2",103214066,5280878,"CCCCC/C=C\C/C=C\C=C\C=C\[C@H]([C@H](CCCC(=O)O)O)SC[C@@H](C(=O)NCC(=O)O)N","Active",NA,NA,NA,"5.48","IC50"
"681600",NA,"DMD301913","5",103591347,5280879,"CCCCC/C=C\C/C=C\C=C\C=C\[C@H]([C@H](CCCC(=O)O)O)SC[C@@H](C(=O)O)N","Active",NA,NA,NA,"9.83","IC50"
"751668",NA,"DMD301912","2",103214066,5280878,"CCCCC/C=C\C/C=C\C=C\C=C\[C@H]([C@H](CCCC(=O)O)O)SC[C@@H](C(=O)NCC(=O)O)N","Active",NA,NA,NA,"0.0007","IC50"
"431380",NA,"DMD301913","1",103591347,5280879,"CCCCC/C=C\C/C=C\C=C\C=C\[C@H]([C@H](CCCC(=O)O)O)SC[C@@H](C(=O)O)N","Active",NA,NA,NA,"0.0013","EC50"
"1585247",NA,"DMD301991","1",103543153,5280914,"CCCCC[C@@H](/C=C/C=C\C=C\C=C\[C@H]([C@H](CCCC(=O)O)O)O)O","Active",NA,NA,NA,"0.0263","IC50"
"1585248",NA,"DMD301991","1",103543153,5280914,"CCCCC[C@@H](/C=C/C=C\C=C\C=C\[C@H]([C@H](CCCC(=O)O)O)O)O","Active",NA,NA,NA,"0.0222","IC50"
"1585249",NA,"DMD301991","1",103543153,5280914,"CCCCC[C@@H](/C=C/C=C\C=C\C=C\[C@H]([C@H](CCCC(=O)O)O)O)O","Active",NA,NA,NA,"0.0118","IC50"
"1585250",NA,"DMD301991","1",103543153,5280914,"CCCCC[C@@H](/C=C/C=C\C=C\C=C\[C@H]([C@H](CCCC(=O)O)O)O)O","Active",NA,NA,NA,"0.0077","IC50"
"1585251",NA,"DMD301991","1",103543153,5280914,"CCCCC[C@@H](/C=C/C=C\C=C\C=C\[C@H]([C@H](CCCC(=O)O)O)O)O","Active",NA,NA,NA,"0.0018","IC50"
"1585252",NA,"DMD301991","1",103543153,5280914,"CCCCC[C@@H](/C=C/C=C\C=C\C=C\[C@H]([C@H](CCCC(=O)O)O)O)O","Active",NA,NA,NA,"0.0017","IC50"
"1817450",NA,"DMD301991","1",103543153,5280914,"CCCCC[C@@H](/C=C/C=C\C=C\C=C\[C@H]([C@H](CCCC(=O)O)O)O)O","Active",NA,NA,NA,"6e-05","IC50"
"1817454",NA,"DMD301991","1",103543153,5280914,"CCCCC[C@@H](/C=C/C=C\C=C\C=C\[C@H]([C@H](CCCC(=O)O)O)O)O","Active",NA,NA,NA,"1e-06","IC50"
"1817458",NA,"DMD301991","1",103543153,5280914,"CCCCC[C@@H](/C=C/C=C\C=C\C=C\[C@H]([C@H](CCCC(=O)O)O)O)O","Active",NA,NA,NA,"1e-06","IC50"
"1817462",NA,"DMD301991","1",103543153,5280914,"CCCCC[C@@H](/C=C/C=C\C=C\C=C\[C@H]([C@H](CCCC(=O)O)O)O)O","Active",NA,NA,NA,"1e-06","IC50"
"1817476",NA,"DMD301991","1",103543153,5280914,"CCCCC[C@@H](/C=C/C=C\C=C\C=C\[C@H]([C@H](CCCC(=O)O)O)O)O","Active",NA,NA,NA,"0.005","EC50"
"246224",NA,"DMD301919","1",103445795,6519333,"CCCCC[C@@H](/C=C/[C@@H]1[C@H]([C@H](CC1=O)O)C/C=C/CCCC(=O)O)O","Active",NA,NA,NA,"0.01","EC50"
"246410",NA,"DMD301919","1",103445795,6519333,"CCCCC[C@@H](/C=C/[C@@H]1[C@H]([C@H](CC1=O)O)C/C=C/CCCC(=O)O)O","Active",NA,NA,NA,"0.013","EC50"
"246441",NA,"DMD301919","1",103445795,6519333,"CCCCC[C@@H](/C=C/[C@@H]1[C@H]([C@H](CC1=O)O)C/C=C/CCCC(=O)O)O","Active",NA,NA,NA,"0.007","EC50"
"92241",NA,"DMD301921","6",103171219,5280723,"CCCCC[C@@H](/C=C/[C@H]1[C@@H](CC(=O)[C@@H]1CCCCCCC(=O)O)O)O","Active",NA,NA,NA,"0.07","IC50"
"160749",NA,"DMD301921","7",103171219,5280723,"CCCCC[C@@H](/C=C/[C@H]1[C@@H](CC(=O)[C@@H]1CCCCCCC(=O)O)O)O","Active",NA,NA,NA,"1.4","IC50"
"161048",NA,"DMD301921","1",103171219,5280723,"CCCCC[C@@H](/C=C/[C@H]1[C@@H](CC(=O)[C@@H]1CCCCCCC(=O)O)O)O","Active",NA,NA,NA,"0.0026","EC50"
"161048",NA,"DMD301922","13",103253636,5283086,"CCCCC[C@H](/C=C/[C@H]1[C@@H](CC(=O)[C@@H]1C/C=C\CCCC(=O)O)O)O","Active",NA,NA,NA,"0.0021","EC50"
"161188",NA,"DMD301921","1",103171219,5280723,"CCCCC[C@@H](/C=C/[C@H]1[C@@H](CC(=O)[C@@H]1CCCCCCC(=O)O)O)O","Active",NA,NA,NA,"0.0025","EC50"
"161189",NA,"DMD301921","1",103171219,5280723,"CCCCC[C@@H](/C=C/[C@H]1[C@@H](CC(=O)[C@@H]1CCCCCCC(=O)O)O)O","Active",NA,NA,NA,"0.0025","EC50"
"161189",NA,"DMD301921","2",103171219,5280723,"CCCCC[C@@H](/C=C/[C@H]1[C@@H](CC(=O)[C@@H]1CCCCCCC(=O)O)O)O","Active",NA,NA,NA,"0.0036","EC50"
"161202",NA,"DMD301921","1",103171219,5280723,"CCCCC[C@@H](/C=C/[C@H]1[C@@H](CC(=O)[C@@H]1CCCCCCC(=O)O)O)O","Active",NA,NA,NA,"0.0018","EC50"
"161202",NA,"DMD301922","4",103253636,5283086,"CCCCC[C@H](/C=C/[C@H]1[C@@H](CC(=O)[C@@H]1C/C=C\CCCC(=O)O)O)O","Active",NA,NA,NA,"0.26","EC50"
"679647",NA,"DMD301921","1",103171219,5280723,"CCCCC[C@@H](/C=C/[C@H]1[C@@H](CC(=O)[C@@H]1CCCCCCC(=O)O)O)O","Active",NA,NA,NA,"0.0358","IC50"
"679647",NA,"DMD301924","2",103214323,5280363,"CCCCC[C@@H](/C=C/[C@H]1[C@@H](C[C@@H]([C@@H]1C/C=C\CCCC(=O)O)O)O)O","Active",NA,NA,NA,"0.287","IC50"
"1409595",NA,"DMD301921","1",103171219,5280723,"CCCCC[C@@H](/C=C/[C@H]1[C@@H](CC(=O)[C@@H]1CCCCCCC(=O)O)O)O","Active",NA,NA,NA,"5.39","EC50"
"1473741",NA,"DMD301921","74",103171219,5280723,"CCCCC[C@@H](/C=C/[C@H]1[C@@H](CC(=O)[C@@H]1CCCCCCC(=O)O)O)O","Active",NA,NA,NA,"2.3","IC50"
"1885201",NA,"DMD301921","1",103171219,5280723,"CCCCC[C@@H](/C=C/[C@H]1[C@@H](CC(=O)[C@@H]1CCCCCCC(=O)O)O)O","Active",NA,NA,NA,"3","EC50"
"1885202",NA,"DMD301921","1",103171219,5280723,"CCCCC[C@@H](/C=C/[C@H]1[C@@H](CC(=O)[C@@H]1CCCCCCC(=O)O)O)O","Active",NA,NA,NA,"3","EC50"
"1885203",NA,"DMD301921","1",103171219,5280723,"CCCCC[C@@H](/C=C/[C@H]1[C@@H](CC(=O)[C@@H]1CCCCCCC(=O)O)O)O","Active",NA,NA,NA,"3","EC50"
"1885204",NA,"DMD301921","1",103171219,5280723,"CCCCC[C@@H](/C=C/[C@H]1[C@@H](CC(=O)[C@@H]1CCCCCCC(=O)O)O)O","Active",NA,NA,NA,"3","EC50"
"1885205",NA,"DMD301921","1",103171219,5280723,"CCCCC[C@@H](/C=C/[C@H]1[C@@H](CC(=O)[C@@H]1CCCCCCC(=O)O)O)O","Active",NA,NA,NA,"3","EC50"
"1885206",NA,"DMD301921","1",103171219,5280723,"CCCCC[C@@H](/C=C/[C@H]1[C@@H](CC(=O)[C@@H]1CCCCCCC(=O)O)O)O","Active",NA,NA,NA,"3","EC50"
"1961734",NA,"DMD301921","103",103171219,5280723,"CCCCC[C@@H](/C=C/[C@H]1[C@@H](CC(=O)[C@@H]1CCCCCCC(=O)O)O)O","Active",NA,NA,NA,"0.01","AC50"
"1801833",NA,"DMD301922","1",103998401,5283086,"CCCCC[C@H](/C=C/[C@H]1[C@@H](CC(=O)[C@@H]1C/C=C\CCCC(=O)O)O)O","Active",NA,NA,NA,"0.00048","EC50"
"1801833",NA,"DMD301921","2",103998407,5283056,"CCCCC[C@H](/C=C/[C@H]1[C@@H](CC(=O)[C@@H]1CCCCCCC(=O)O)O)O","Active",NA,NA,NA,"0.00022","EC50"
"1801834",NA,"DMD301922","1",103998401,5283086,"CCCCC[C@H](/C=C/[C@H]1[C@@H](CC(=O)[C@@H]1C/C=C\CCCC(=O)O)O)O","Active",NA,NA,NA,"5e-05","EC50"
"1801834",NA,"DMD301922","2",103998401,5283086,"CCCCC[C@H](/C=C/[C@H]1[C@@H](CC(=O)[C@@H]1C/C=C\CCCC(=O)O)O)O","Active",NA,NA,NA,"0.059","EC50"
"1801834",NA,"DMD301921","3",103998407,5283056,"CCCCC[C@H](/C=C/[C@H]1[C@@H](CC(=O)[C@@H]1CCCCCCC(=O)O)O)O","Active",NA,NA,NA,"0.0165","EC50"
"160690",NA,"DMD301922","1",103176817,5280360,"CCCCC[C@@H](/C=C/[C@H]1[C@@H](CC(=O)[C@@H]1C/C=C\CCCC(=O)O)O)O","Active",NA,NA,NA,"0.003","EC50"
"160691",NA,"DMD301922","1",103176817,5280360,"CCCCC[C@@H](/C=C/[C@H]1[C@@H](CC(=O)[C@@H]1C/C=C\CCCC(=O)O)O)O","Active",NA,NA,NA,"0.0007","IC50"
"320754",NA,"DMD301922","1",103176817,5280360,"CCCCC[C@@H](/C=C/[C@H]1[C@@H](CC(=O)[C@@H]1C/C=C\CCCC(=O)O)O)O","Active",NA,NA,NA,"0.003","EC50"
"346446",NA,"DMD301922","2",103176817,5280360,"CCCCC[C@@H](/C=C/[C@H]1[C@@H](CC(=O)[C@@H]1C/C=C\CCCC(=O)O)O)O","Active",NA,NA,NA,"0.0038","IC50"
"419199",NA,"DMD301922","1",103176817,5280360,"CCCCC[C@@H](/C=C/[C@H]1[C@@H](CC(=O)[C@@H]1C/C=C\CCCC(=O)O)O)O","Active",NA,NA,NA,"0.0052","IC50"
"419200",NA,"DMD301922","1",103176817,5280360,"CCCCC[C@@H](/C=C/[C@H]1[C@@H](CC(=O)[C@@H]1C/C=C\CCCC(=O)O)O)O","Active",NA,NA,NA,"0.0021","IC50"
"419201",NA,"DMD301922","1",103176817,5280360,"CCCCC[C@@H](/C=C/[C@H]1[C@@H](CC(=O)[C@@H]1C/C=C\CCCC(=O)O)O)O","Active",NA,NA,NA,"0.0002","EC50"
"419214",NA,"DMD301922","1",103176817,5280360,"CCCCC[C@@H](/C=C/[C@H]1[C@@H](CC(=O)[C@@H]1C/C=C\CCCC(=O)O)O)O","Active",NA,NA,NA,"0.0007","EC50"
"482503",NA,"DMD301922","1",103176817,5280360,"CCCCC[C@@H](/C=C/[C@H]1[C@@H](CC(=O)[C@@H]1C/C=C\CCCC(=O)O)O)O","Active",NA,NA,NA,"0.0011","IC50"
"482504",NA,"DMD301922","1",103176817,5280360,"CCCCC[C@@H](/C=C/[C@H]1[C@@H](CC(=O)[C@@H]1C/C=C\CCCC(=O)O)O)O","Active",NA,NA,NA,"0.0377","IC50"
"482505",NA,"DMD301922","1",103176817,5280360,"CCCCC[C@@H](/C=C/[C@H]1[C@@H](CC(=O)[C@@H]1C/C=C\CCCC(=O)O)O)O","Active",NA,NA,NA,"0.00094","IC50"
"482506",NA,"DMD301922","1",103176817,5280360,"CCCCC[C@@H](/C=C/[C@H]1[C@@H](CC(=O)[C@@H]1C/C=C\CCCC(=O)O)O)O","Active",NA,NA,NA,"0.0099","IC50"
"650869",NA,"DMD301922","1",103176817,5280360,"CCCCC[C@@H](/C=C/[C@H]1[C@@H](CC(=O)[C@@H]1C/C=C\CCCC(=O)O)O)O","Active",NA,NA,NA,"0.019","EC50"
"650870",NA,"DMD301922","1",103176817,5280360,"CCCCC[C@@H](/C=C/[C@H]1[C@@H](CC(=O)[C@@H]1C/C=C\CCCC(=O)O)O)O","Active",NA,NA,NA,"0.0035","EC50"
"751652",NA,"DMD301922","2",103176817,5280360,"CCCCC[C@@H](/C=C/[C@H]1[C@@H](CC(=O)[C@@H]1C/C=C\CCCC(=O)O)O)O","Active",NA,NA,NA,"0.0011","IC50"
"751857",NA,"DMD301922","2",103176817,5280360,"CCCCC[C@@H](/C=C/[C@H]1[C@@H](CC(=O)[C@@H]1C/C=C\CCCC(=O)O)O)O","Active",NA,NA,NA,"0.00045","IC50"
"751859",NA,"DMD301922","2",103176817,5280360,"CCCCC[C@@H](/C=C/[C@H]1[C@@H](CC(=O)[C@@H]1C/C=C\CCCC(=O)O)O)O","Active",NA,NA,NA,"0.0033","IC50"
"752222",NA,"DMD301922","1",103176817,5280360,"CCCCC[C@@H](/C=C/[C@H]1[C@@H](CC(=O)[C@@H]1C/C=C\CCCC(=O)O)O)O","Active",NA,NA,NA,"0.0022","IC50"
"1151368",NA,"DMD301922","1",103176817,5280360,"CCCCC[C@@H](/C=C/[C@H]1[C@@H](CC(=O)[C@@H]1C/C=C\CCCC(=O)O)O)O","Active",NA,NA,NA,"0.0021","EC50"
"1151369",NA,"DMD301922","1",103176817,5280360,"CCCCC[C@@H](/C=C/[C@H]1[C@@H](CC(=O)[C@@H]1C/C=C\CCCC(=O)O)O)O","Active",NA,NA,NA,"0.26","IC50"
"1285651",NA,"DMD301922","1",103176817,5280360,"CCCCC[C@@H](/C=C/[C@H]1[C@@H](CC(=O)[C@@H]1C/C=C\CCCC(=O)O)O)O","Active",NA,NA,NA,"0.0026","IC50"
"1300192",NA,"DMD301922","1",103176817,5280360,"CCCCC[C@@H](/C=C/[C@H]1[C@@H](CC(=O)[C@@H]1C/C=C\CCCC(=O)O)O)O","Active",NA,NA,NA,"0.0019","EC50"
"1300193",NA,"DMD301922","1",103176817,5280360,"CCCCC[C@@H](/C=C/[C@H]1[C@@H](CC(=O)[C@@H]1C/C=C\CCCC(=O)O)O)O","Active",NA,NA,NA,"0.0075","EC50"
"1300194",NA,"DMD301922","1",103176817,5280360,"CCCCC[C@@H](/C=C/[C@H]1[C@@H](CC(=O)[C@@H]1C/C=C\CCCC(=O)O)O)O","Active",NA,NA,NA,"0.347","EC50"
"1300196",NA,"DMD301922","1",103176817,5280360,"CCCCC[C@@H](/C=C/[C@H]1[C@@H](CC(=O)[C@@H]1C/C=C\CCCC(=O)O)O)O","Active",NA,NA,NA,"0.346","EC50"
"1300198",NA,"DMD301922","1",103176817,5280360,"CCCCC[C@@H](/C=C/[C@H]1[C@@H](CC(=O)[C@@H]1C/C=C\CCCC(=O)O)O)O","Active",NA,NA,NA,"0.0037","EC50"
"1300199",NA,"DMD301922","1",103176817,5280360,"CCCCC[C@@H](/C=C/[C@H]1[C@@H](CC(=O)[C@@H]1C/C=C\CCCC(=O)O)O)O","Active",NA,NA,NA,"0.0025","EC50"
"1300200",NA,"DMD301922","1",103176817,5280360,"CCCCC[C@@H](/C=C/[C@H]1[C@@H](CC(=O)[C@@H]1C/C=C\CCCC(=O)O)O)O","Active",NA,NA,NA,"0.25","EC50"
"1336349",NA,"DMD301922","1",103176817,5280360,"CCCCC[C@@H](/C=C/[C@H]1[C@@H](CC(=O)[C@@H]1C/C=C\CCCC(=O)O)O)O","Active",NA,NA,NA,"0.0026","IC50"
"1336350",NA,"DMD301922","1",103176817,5280360,"CCCCC[C@@H](/C=C/[C@H]1[C@@H](CC(=O)[C@@H]1C/C=C\CCCC(=O)O)O)O","Active",NA,NA,NA,"0.00055","IC50"
"1529425",NA,"DMD301922","1",103176817,5280360,"CCCCC[C@@H](/C=C/[C@H]1[C@@H](CC(=O)[C@@H]1C/C=C\CCCC(=O)O)O)O","Active",NA,NA,NA,"0.004","IC50"
"1529427",NA,"DMD301922","1",103176817,5280360,"CCCCC[C@@H](/C=C/[C@H]1[C@@H](CC(=O)[C@@H]1C/C=C\CCCC(=O)O)O)O","Active",NA,NA,NA,"0.03","IC50"
"1529428",NA,"DMD301922","1",103176817,5280360,"CCCCC[C@@H](/C=C/[C@H]1[C@@H](CC(=O)[C@@H]1C/C=C\CCCC(=O)O)O)O","Active",NA,NA,NA,"0.003","IC50"
"1529429",NA,"DMD301922","1",103176817,5280360,"CCCCC[C@@H](/C=C/[C@H]1[C@@H](CC(=O)[C@@H]1C/C=C\CCCC(=O)O)O)O","Active",NA,NA,NA,"0.005","IC50"
"1587872",NA,"DMD301922","1",103176817,5280360,"CCCCC[C@@H](/C=C/[C@H]1[C@@H](CC(=O)[C@@H]1C/C=C\CCCC(=O)O)O)O","Active",NA,NA,NA,"0.000583","EC50"
"1587873",NA,"DMD301922","1",103176817,5280360,"CCCCC[C@@H](/C=C/[C@H]1[C@@H](CC(=O)[C@@H]1C/C=C\CCCC(=O)O)O)O","Active",NA,NA,NA,"0.331","EC50"
"1587874",NA,"DMD301922","1",103176817,5280360,"CCCCC[C@@H](/C=C/[C@H]1[C@@H](CC(=O)[C@@H]1C/C=C\CCCC(=O)O)O)O","Active",NA,NA,NA,"2e-05","EC50"
"1587875",NA,"DMD301922","1",103176817,5280360,"CCCCC[C@@H](/C=C/[C@H]1[C@@H](CC(=O)[C@@H]1C/C=C\CCCC(=O)O)O)O","Active",NA,NA,NA,"0.0093","EC50"
"1961802",NA,"DMD301922","39",103176817,5280360,"CCCCC[C@@H](/C=C/[C@H]1[C@@H](CC(=O)[C@@H]1C/C=C\CCCC(=O)O)O)O","Active",NA,NA,NA,"0.84","AC50"
"1961803",NA,"DMD301922","83",103176817,5280360,"CCCCC[C@@H](/C=C/[C@H]1[C@@H](CC(=O)[C@@H]1C/C=C\CCCC(=O)O)O)O","Active",NA,NA,NA,"0.72","AC50"
"1961818",NA,"DMD301922","81",103176817,5280360,"CCCCC[C@@H](/C=C/[C@H]1[C@@H](CC(=O)[C@@H]1C/C=C\CCCC(=O)O)O)O","Active",NA,NA,NA,"4.5","AC50"
"1961846",NA,"DMD301922","134",103176817,5280360,"CCCCC[C@@H](/C=C/[C@H]1[C@@H](CC(=O)[C@@H]1C/C=C\CCCC(=O)O)O)O","Active",NA,NA,NA,"3.5","AC50"
"2151265",NA,"DMD301922","1",103176817,5280360,"CCCCC[C@@H](/C=C/[C@H]1[C@@H](CC(=O)[C@@H]1C/C=C\CCCC(=O)O)O)O","Active",NA,NA,NA,"0.0138","EC50"
"2151288",NA,"DMD301922","1",103176817,5280360,"CCCCC[C@@H](/C=C/[C@H]1[C@@H](CC(=O)[C@@H]1C/C=C\CCCC(=O)O)O)O","Active",NA,NA,NA,"0.0173","IC50"
"2151293",NA,"DMD301922","1",103176817,5280360,"CCCCC[C@@H](/C=C/[C@H]1[C@@H](CC(=O)[C@@H]1C/C=C\CCCC(=O)O)O)O","Active",NA,NA,NA,"0.09","EC50"
"2151296",NA,"DMD301922","1",103176817,5280360,"CCCCC[C@@H](/C=C/[C@H]1[C@@H](CC(=O)[C@@H]1C/C=C\CCCC(=O)O)O)O","Active",NA,NA,NA,"0.133","EC50"
"2198751",NA,"DMD301922","1",103176817,5280360,"CCCCC[C@@H](/C=C/[C@H]1[C@@H](CC(=O)[C@@H]1C/C=C\CCCC(=O)O)O)O","Active",NA,NA,NA,"0.00032","IC50"
"47784",NA,"DMD301924","1",103214323,5280363,"CCCCC[C@@H](/C=C/[C@H]1[C@@H](C[C@@H]([C@@H]1C/C=C\CCCC(=O)O)O)O)O","Active",NA,NA,NA,"0.0067","EC50"
"160529",NA,"DMD301924","1",103214323,5280363,"CCCCC[C@@H](/C=C/[C@H]1[C@@H](C[C@@H]([C@@H]1C/C=C\CCCC(=O)O)O)O)O","Active",NA,NA,NA,"4.5","IC50"
"160545",NA,"DMD301924","1",103214323,5280363,"CCCCC[C@@H](/C=C/[C@H]1[C@@H](C[C@@H]([C@@H]1C/C=C\CCCC(=O)O)O)O)O","Active",NA,NA,NA,"0.6","EC50"
"160552",NA,"DMD301924","1",103214323,5280363,"CCCCC[C@@H](/C=C/[C@H]1[C@@H](C[C@@H]([C@@H]1C/C=C\CCCC(=O)O)O)O)O","Active",NA,NA,NA,"2.3","EC50"
"160696",NA,"DMD301924","1",103214323,5280363,"CCCCC[C@@H](/C=C/[C@H]1[C@@H](C[C@@H]([C@@H]1C/C=C\CCCC(=O)O)O)O)O","Active",NA,NA,NA,"0.079","EC50"
"160700",NA,"DMD301924","2",103214323,5280363,"CCCCC[C@@H](/C=C/[C@H]1[C@@H](C[C@@H]([C@@H]1C/C=C\CCCC(=O)O)O)O)O","Active",NA,NA,NA,"0.0025","IC50"
"160702",NA,"DMD301924","1",103214323,5280363,"CCCCC[C@@H](/C=C/[C@H]1[C@@H](C[C@@H]([C@@H]1C/C=C\CCCC(=O)O)O)O)O","Active",NA,NA,NA,"0.14","IC50"
"160703",NA,"DMD301924","1",103214323,5280363,"CCCCC[C@@H](/C=C/[C@H]1[C@@H](C[C@@H]([C@@H]1C/C=C\CCCC(=O)O)O)O)O","Active",NA,NA,NA,"0.043","IC50"
"160909",NA,"DMD301924","1",103214323,5280363,"CCCCC[C@@H](/C=C/[C@H]1[C@@H](C[C@@H]([C@@H]1C/C=C\CCCC(=O)O)O)O)O","Active",NA,NA,NA,"4.5","IC50"
"160913",NA,"DMD301924","1",103214323,5280363,"CCCCC[C@@H](/C=C/[C@H]1[C@@H](C[C@@H]([C@@H]1C/C=C\CCCC(=O)O)O)O)O","Active",NA,NA,NA,"0.38","IC50"
"160915",NA,"DMD301924","1",103214323,5280363,"CCCCC[C@@H](/C=C/[C@H]1[C@@H](C[C@@H]([C@@H]1C/C=C\CCCC(=O)O)O)O)O","Active",NA,NA,NA,"0.22","IC50"
"161055",NA,"DMD301924","1",103214323,5280363,"CCCCC[C@@H](/C=C/[C@H]1[C@@H](C[C@@H]([C@@H]1C/C=C\CCCC(=O)O)O)O)O","Active",NA,NA,NA,"0.322","IC50"
"161057",NA,"DMD301924","1",103214323,5280363,"CCCCC[C@@H](/C=C/[C@H]1[C@@H](C[C@@H]([C@@H]1C/C=C\CCCC(=O)O)O)O)O","Active",NA,NA,NA,"0.11","IC50"
"161070",NA,"DMD301924","1",103214323,5280363,"CCCCC[C@@H](/C=C/[C@H]1[C@@H](C[C@@H]([C@@H]1C/C=C\CCCC(=O)O)O)O)O","Active",NA,NA,NA,"4.2","IC50"
"161071",NA,"DMD301924","1",103214323,5280363,"CCCCC[C@@H](/C=C/[C@H]1[C@@H](C[C@@H]([C@@H]1C/C=C\CCCC(=O)O)O)O)O","Active",NA,NA,NA,"4.2","IC50"
"161196",NA,"DMD301924","1",103214323,5280363,"CCCCC[C@@H](/C=C/[C@H]1[C@@H](C[C@@H]([C@@H]1C/C=C\CCCC(=O)O)O)O)O","Active",NA,NA,NA,"0.007","IC50"
"209329",NA,"DMD301924","1",103214323,5280363,"CCCCC[C@@H](/C=C/[C@H]1[C@@H](C[C@@H]([C@@H]1C/C=C\CCCC(=O)O)O)O)O","Active",NA,NA,NA,"0.023","EC50"
"212941",NA,"DMD301924","1",103214323,5280363,"CCCCC[C@@H](/C=C/[C@H]1[C@@H](C[C@@H]([C@@H]1C/C=C\CCCC(=O)O)O)O)O","Active",NA,NA,NA,"1.4","EC50"
"223522",NA,"DMD301924","1",103214323,5280363,"CCCCC[C@@H](/C=C/[C@H]1[C@@H](C[C@@H]([C@@H]1C/C=C\CCCC(=O)O)O)O)O","Active",NA,NA,NA,"0.003","IC50"
"246471",NA,"DMD301924","1",103214323,5280363,"CCCCC[C@@H](/C=C/[C@H]1[C@@H](C[C@@H]([C@@H]1C/C=C\CCCC(=O)O)O)O)O","Active",NA,NA,NA,"0.0245","EC50"
"347678",NA,"DMD301924","1",103214323,5280363,"CCCCC[C@@H](/C=C/[C@H]1[C@@H](C[C@@H]([C@@H]1C/C=C\CCCC(=O)O)O)O)O","Active",NA,NA,NA,"0.0245","EC50"
"726602",NA,"DMD301924","1",103214323,5280363,"CCCCC[C@@H](/C=C/[C@H]1[C@@H](C[C@@H]([C@@H]1C/C=C\CCCC(=O)O)O)O)O","Active",NA,NA,NA,"0.01259","EC50"
"1961844",NA,"DMD301924","206",103214323,5280363,"CCCCC[C@@H](/C=C/[C@H]1[C@@H](C[C@@H]([C@@H]1C/C=C\CCCC(=O)O)O)O)O","Active",NA,NA,NA,"2.76","AC50"
"1871601",NA,"DMD301925","1",242205529,5280884,"CCCCC[C@@H](/C=C/[C@@H]1[C@H](C=CC1=O)C/C=C\CCCC(=O)O)O","Active",NA,NA,NA,"10","IC50"
"348772",NA,"DMD301926","1",103640339,5311211,"CCCCC/C=C/C=C/1\[C@H](C=CC1=O)C/C=C\CCCC(=O)O","Active",NA,NA,NA,"2.2","IC50"
"405533",NA,"DMD302277","2",103178961,444899,"CCCCC/C=C\C/C=C\C/C=C\C/C=C\CCCC(=O)O","Active",NA,NA,NA,"0.3","IC50"
"405533",NA,"DMD302278","6",103582828,446284,"CC/C=C\C/C=C\C/C=C\C/C=C\C/C=C\CCCC(=O)O","Active",NA,NA,NA,"0.3","IC50"
"405533",NA,"DMD301926","8",103640339,5311211,"CCCCC/C=C/C=C/1\[C@H](C=CC1=O)C/C=C\CCCC(=O)O","Active",NA,NA,NA,"0.3","IC50"
"482142",NA,"DMD301926","12",103640339,5311211,"CCCCC/C=C/C=C/1\[C@H](C=CC1=O)C/C=C\CCCC(=O)O","Active",NA,NA,NA,"5.6","EC50"
"2194556",NA,"DMD301926","3",103640339,5311211,"CCCCC/C=C/C=C/1\[C@H](C=CC1=O)C/C=C\CCCC(=O)O","Active",NA,NA,NA,"3.6","IC50"
"2194557",NA,"DMD301926","3",103640339,5311211,"CCCCC/C=C/C=C/1\[C@H](C=CC1=O)C/C=C\CCCC(=O)O","Active",NA,NA,NA,"3.7","IC50"
"2020902",NA,"DMD301954","2",242457094,10473088,"CC[C@H](/C=C/C=C\C[C@H](/C=C/C=C/C=C\[C@H](CCCC(=O)O)O)O)O","Active",NA,NA,NA,"0.001","EC50"
"357051",NA,"DMD302032","1",103619464,16126783,"CC/C=C\C[C@H](/C=C/C=C\C=C\C=C\[C@H]([C@H](C/C=C\CCC(=O)O)O)O)O","Active",NA,NA,"","0.03","EC50"
"357051",NA,"DMD302032","3",103619465,44251266,"CC/C=C\C[C@@H](/C=C/C=C\C=C\C=C\[C@H]([C@H](C/C=C\CCC(=O)O)O)O)O","Active",NA,NA,"","0.03","EC50"
"39376",NA,"DMD302690","5",103699331,33032,"C(CC(=O)O)[C@@H](C(=O)O)N","Active",NA,NA,NA,"7.5","IC50"
"75015",NA,"DMD302690","14",103699331,33032,"C(CC(=O)O)[C@@H](C(=O)O)N","Active",NA,NA,NA,"4.9","EC50"
"75021",NA,"DMD302690","12",103699331,33032,"C(CC(=O)O)[C@@H](C(=O)O)N","Active",NA,NA,NA,"0.29","EC50"
"75159",NA,"DMD302690","6",103699331,33032,"C(CC(=O)O)[C@@H](C(=O)O)N","Active",NA,NA,NA,"1.9","EC50"
"92350",NA,"DMD302690","2",103699331,33032,"C(CC(=O)O)[C@@H](C(=O)O)N","Active",NA,NA,NA,"0.5","IC50"
"92356",NA,"DMD302690","10",103699331,33032,"C(CC(=O)O)[C@@H](C(=O)O)N","Active",NA,NA,NA,"0.15","IC50"
"92497",NA,"DMD302690","8",103699331,33032,"C(CC(=O)O)[C@@H](C(=O)O)N","Active",NA,NA,NA,"1.2","IC50"
"92501",NA,"DMD302690","6",103699331,33032,"C(CC(=O)O)[C@@H](C(=O)O)N","Active",NA,NA,NA,"1.3","IC50"
"93557",NA,"DMD302690","2",103699331,33032,"C(CC(=O)O)[C@@H](C(=O)O)N","Active",NA,NA,NA,"0.35","IC50"
"93565",NA,"DMD302690","2",103699331,33032,"C(CC(=O)O)[C@@H](C(=O)O)N","Active",NA,NA,NA,"0.4","IC50"
"93569",NA,"DMD302690","8",103699331,33032,"C(CC(=O)O)[C@@H](C(=O)O)N","Active",NA,NA,NA,"0.4","IC50"
"93572",NA,"DMD302690","10",103699331,33032,"C(CC(=O)O)[C@@H](C(=O)O)N","Active",NA,NA,NA,"0.12","IC50"
"93719",NA,"DMD302690","9",103699331,33032,"C(CC(=O)O)[C@@H](C(=O)O)N","Active",NA,NA,NA,"0.7","IC50"
"107062",NA,"DMD302690","8",103699331,33032,"C(CC(=O)O)[C@@H](C(=O)O)N","Active",NA,NA,NA,"4.4","EC50"
"107063",NA,"DMD302690","6",103699331,33032,"C(CC(=O)O)[C@@H](C(=O)O)N","Active",NA,NA,NA,"10","EC50"
"107063",NA,"DMD302690","7",103699331,33032,"C(CC(=O)O)[C@@H](C(=O)O)N","Active",NA,NA,NA,"8","EC50"
"107064",NA,"DMD302690","3",103699331,33032,"C(CC(=O)O)[C@@H](C(=O)O)N","Active",NA,NA,NA,"8","EC50"
"107083",NA,"DMD302690","3",103699331,33032,"C(CC(=O)O)[C@@H](C(=O)O)N","Active",NA,NA,NA,"3.1","EC50"
"107253",NA,"DMD302690","3",103699331,33032,"C(CC(=O)O)[C@@H](C(=O)O)N","Active",NA,NA,NA,"4.9","EC50"
"107403",NA,"DMD302690","5",103699331,33032,"C(CC(=O)O)[C@@H](C(=O)O)N","Active",NA,NA,NA,"0.022","EC50"
"107404",NA,"DMD302690","1",103699331,33032,"C(CC(=O)O)[C@@H](C(=O)O)N","Active",NA,NA,NA,"8","EC50"
"108495",NA,"DMD302690","1",103699331,33032,"C(CC(=O)O)[C@@H](C(=O)O)N","Active",NA,NA,NA,"3","EC50"
"108497",NA,"DMD302690","8",103699331,33032,"C(CC(=O)O)[C@@H](C(=O)O)N","Active",NA,NA,NA,"10","EC50"
"108498",NA,"DMD302690","9",103699331,33032,"C(CC(=O)O)[C@@H](C(=O)O)N","Active",NA,NA,NA,"9","EC50"
"108647",NA,"DMD302690","3",103699331,33032,"C(CC(=O)O)[C@@H](C(=O)O)N","Active",NA,NA,NA,"4.9","EC50"
"108660",NA,"DMD302690","2",103699331,33032,"C(CC(=O)O)[C@@H](C(=O)O)N","Active",NA,NA,NA,"1.05","EC50"
"108677",NA,"DMD302690","5",103699331,33032,"C(CC(=O)O)[C@@H](C(=O)O)N","Active",NA,NA,NA,"4.7","EC50"
"108844",NA,"DMD302690","8",103699331,33032,"C(CC(=O)O)[C@@H](C(=O)O)N","Active",NA,NA,NA,"4","EC50"
"108845",NA,"DMD302690","10",103699331,33032,"C(CC(=O)O)[C@@H](C(=O)O)N","Active",NA,NA,NA,"4","EC50"
"109003",NA,"DMD302690","10",103699331,33032,"C(CC(=O)O)[C@@H](C(=O)O)N","Active",NA,NA,NA,"8.5","EC50"
"109004",NA,"DMD302690","3",103699331,33032,"C(CC(=O)O)[C@@H](C(=O)O)N","Active",NA,NA,NA,"0.29","EC50"
"109170",NA,"DMD302690","5",103699331,33032,"C(CC(=O)O)[C@@H](C(=O)O)N","Active",NA,NA,NA,"3","EC50"
"109466",NA,"DMD302690","10",103699331,33032,"C(CC(=O)O)[C@@H](C(=O)O)N","Active",NA,NA,NA,"5","EC50"
"109466",NA,"DMD302690","11",103699331,33032,"C(CC(=O)O)[C@@H](C(=O)O)N","Active",NA,NA,NA,"3.2","EC50"
"109477",NA,"DMD302690","4",103699331,33032,"C(CC(=O)O)[C@@H](C(=O)O)N","Active",NA,NA,NA,"9.8","EC50"
"109493",NA,"DMD302690","2",103699331,33032,"C(CC(=O)O)[C@@H](C(=O)O)N","Active",NA,NA,NA,"4.1","EC50"
"143783",NA,"DMD302690","2",103699331,33032,"C(CC(=O)O)[C@@H](C(=O)O)N","Active",NA,NA,NA,"0.2","IC50"
"144321",NA,"DMD302690","3",103699331,33032,"C(CC(=O)O)[C@@H](C(=O)O)N","Active",NA,NA,NA,"0.12","EC50"
"144456",NA,"DMD302690","41",103699331,33032,"C(CC(=O)O)[C@@H](C(=O)O)N","Active",NA,NA,NA,"1","IC50"
"144612",NA,"DMD302690","4",103699331,33032,"C(CC(=O)O)[C@@H](C(=O)O)N","Active",NA,NA,NA,"0.172","IC50"
"144621",NA,"DMD302690","17",103699331,33032,"C(CC(=O)O)[C@@H](C(=O)O)N","Active",NA,NA,NA,"0.171","IC50"
"144837",NA,"DMD302690","10",103699331,33032,"C(CC(=O)O)[C@@H](C(=O)O)N","Active",NA,NA,NA,"0.08","IC50"
"145038",NA,"DMD302690","12",103699331,33032,"C(CC(=O)O)[C@@H](C(=O)O)N","Active",NA,NA,NA,"0.07","IC50"
"146057",NA,"DMD302690","1",103699331,33032,"C(CC(=O)O)[C@@H](C(=O)O)N","Active",NA,NA,NA,"1.7","EC50"
"146060",NA,"DMD302690","4",103699331,33032,"C(CC(=O)O)[C@@H](C(=O)O)N","Active",NA,NA,NA,"0.8","EC50"
"146062",NA,"DMD302690","4",103699331,33032,"C(CC(=O)O)[C@@H](C(=O)O)N","Active",NA,NA,NA,"0.7","EC50"
"146064",NA,"DMD302690","4",103699331,33032,"C(CC(=O)O)[C@@H](C(=O)O)N","Active",NA,NA,NA,"0.4","EC50"
"168915",NA,"DMD302690","1",103699331,33032,"C(CC(=O)O)[C@@H](C(=O)O)N","Active",NA,NA,NA,"0.5","IC50"
"168917",NA,"DMD302690","1",103699331,33032,"C(CC(=O)O)[C@@H](C(=O)O)N","Active",NA,NA,NA,"0.27","IC50"
"179581",NA,"DMD302690","1",103699331,33032,"C(CC(=O)O)[C@@H](C(=O)O)N","Active",NA,NA,NA,"0.17","IC50"
"179948",NA,"DMD302690","9",103699331,33032,"C(CC(=O)O)[C@@H](C(=O)O)N","Active",NA,NA,NA,"1.3","IC50"
"221527",NA,"DMD302690","4",103699331,33032,"C(CC(=O)O)[C@@H](C(=O)O)N","Active",NA,NA,NA,"0.61","EC50"
"221665",NA,"DMD302690","4",103699331,33032,"C(CC(=O)O)[C@@H](C(=O)O)N","Active",NA,NA,NA,"2.5","EC50"
"222323",NA,"DMD302690","1",103699331,33032,"C(CC(=O)O)[C@@H](C(=O)O)N","Active",NA,NA,NA,"7.4","EC50"
"242207",NA,"DMD302690","2",103699331,33032,"C(CC(=O)O)[C@@H](C(=O)O)N","Active",NA,NA,NA,"0.0057","IC50"
"255256",NA,"DMD302690","4",103699331,33032,"C(CC(=O)O)[C@@H](C(=O)O)N","Active",NA,NA,NA,"0.613","IC50"
"258675",NA,"DMD302690","4",103699331,33032,"C(CC(=O)O)[C@@H](C(=O)O)N","Active",NA,NA,NA,"7.3","EC50"
"258676",NA,"DMD302690","4",103699331,33032,"C(CC(=O)O)[C@@H](C(=O)O)N","Active",NA,NA,NA,"1.2","EC50"
"258678",NA,"DMD302690","4",103699331,33032,"C(CC(=O)O)[C@@H](C(=O)O)N","Active",NA,NA,NA,"6.1","EC50"
"258679",NA,"DMD302690","4",103699331,33032,"C(CC(=O)O)[C@@H](C(=O)O)N","Active",NA,NA,NA,"7.6","EC50"
"262621",NA,"DMD302690","17",103699331,33032,"C(CC(=O)O)[C@@H](C(=O)O)N","Active",NA,NA,NA,"0.214","IC50"
"295059",NA,"DMD302690","7",103699331,33032,"C(CC(=O)O)[C@@H](C(=O)O)N","Active",NA,NA,NA,"7.3","EC50"
"295060",NA,"DMD302690","7",103699331,33032,"C(CC(=O)O)[C@@H](C(=O)O)N","Active",NA,NA,NA,"1.2","EC50"
"295062",NA,"DMD302690","5",103699331,33032,"C(CC(=O)O)[C@@H](C(=O)O)N","Active",NA,NA,NA,"6.1","EC50"
"295063",NA,"DMD302690","5",103699331,33032,"C(CC(=O)O)[C@@H](C(=O)O)N","Active",NA,NA,NA,"7.6","EC50"
"339877",NA,"DMD302690","19",103699331,33032,"C(CC(=O)O)[C@@H](C(=O)O)N","Active",NA,NA,NA,"0.34","IC50"
"339878",NA,"DMD302690","19",103699331,33032,"C(CC(=O)O)[C@@H](C(=O)O)N","Active",NA,NA,NA,"0.38","IC50"
"339880",NA,"DMD302690","6",103699331,33032,"C(CC(=O)O)[C@@H](C(=O)O)N","Active",NA,NA,NA,"2.9","EC50"
"339882",NA,"DMD302690","11",103699331,33032,"C(CC(=O)O)[C@@H](C(=O)O)N","Active",NA,NA,NA,"1.8","EC50"
"339883",NA,"DMD302690","6",103699331,33032,"C(CC(=O)O)[C@@H](C(=O)O)N","Active",NA,NA,NA,"0.45","EC50"
"339885",NA,"DMD302690","6",103699331,33032,"C(CC(=O)O)[C@@H](C(=O)O)N","Active",NA,NA,NA,"1","EC50"
"355928",NA,"DMD302690","3",103699331,33032,"C(CC(=O)O)[C@@H](C(=O)O)N","Active",NA,NA,NA,"0.069","IC50"
"477117",NA,"DMD302690","4",103699331,33032,"C(CC(=O)O)[C@@H](C(=O)O)N","Active",NA,NA,NA,"6.4","EC50"
"477118",NA,"DMD302690","4",103699331,33032,"C(CC(=O)O)[C@@H](C(=O)O)N","Active",NA,NA,NA,"1.3","EC50"
"477120",NA,"DMD302690","3",103699331,33032,"C(CC(=O)O)[C@@H](C(=O)O)N","Active",NA,NA,NA,"6.2","EC50"
"477124",NA,"DMD302690","2",103699331,33032,"C(CC(=O)O)[C@@H](C(=O)O)N","Active",NA,NA,NA,"8.1","EC50"
"477125",NA,"DMD302690","2",103699331,33032,"C(CC(=O)O)[C@@H](C(=O)O)N","Active",NA,NA,NA,"3.5","EC50"
"477146",NA,"DMD302690","3",103699331,33032,"C(CC(=O)O)[C@@H](C(=O)O)N","Active",NA,NA,NA,"6.16","EC50"
"477557",NA,"DMD302690","2",103699331,33032,"C(CC(=O)O)[C@@H](C(=O)O)N","Active",NA,NA,NA,"2.26","EC50"
"477558",NA,"DMD302690","2",103699331,33032,"C(CC(=O)O)[C@@H](C(=O)O)N","Active",NA,NA,NA,"2.19","EC50"
"477559",NA,"DMD302690","2",103699331,33032,"C(CC(=O)O)[C@@H](C(=O)O)N","Active",NA,NA,NA,"3.66","EC50"
"477560",NA,"DMD302690","2",103699331,33032,"C(CC(=O)O)[C@@H](C(=O)O)N","Active",NA,NA,NA,"2.75","EC50"
"478462",NA,"DMD302690","4",103699331,33032,"C(CC(=O)O)[C@@H](C(=O)O)N","Active",NA,NA,NA,"0.34","IC50"
"478463",NA,"DMD302690","4",103699331,33032,"C(CC(=O)O)[C@@H](C(=O)O)N","Active",NA,NA,NA,"0.38","IC50"
"478473",NA,"DMD302690","1",103699331,33032,"C(CC(=O)O)[C@@H](C(=O)O)N","Active",NA,NA,NA,"1.77828","EC50"
"478473",NA,"DMD302690","2",103699331,33032,"C(CC(=O)O)[C@@H](C(=O)O)N","Active",NA,NA,NA,"1.8","EC50"
"566255",NA,"DMD302690","1",103699331,33032,"C(CC(=O)O)[C@@H](C(=O)O)N","Active",NA,NA,NA,"1.06","IC50"
"671510",NA,"DMD302690","2",103699331,33032,"C(CC(=O)O)[C@@H](C(=O)O)N","Active",NA,NA,NA,"2.88","EC50"
"711557",NA,"DMD302690","2",103699331,33032,"C(CC(=O)O)[C@@H](C(=O)O)N","Active",NA,NA,NA,"0.07","IC50"
"723877",NA,"DMD302690","1",103699331,33032,"C(CC(=O)O)[C@@H](C(=O)O)N","Active",NA,NA,NA,"0.38","IC50"
"723878",NA,"DMD302690","1",103699331,33032,"C(CC(=O)O)[C@@H](C(=O)O)N","Active",NA,NA,NA,"0.34","IC50"
"751675",NA,"DMD302690","2",103699331,33032,"C(CC(=O)O)[C@@H](C(=O)O)N","Active",NA,NA,NA,"0.24","IC50"
"751676",NA,"DMD302690","2",103699331,33032,"C(CC(=O)O)[C@@H](C(=O)O)N","Active",NA,NA,NA,"0.41","IC50"
"1160721",NA,"DMD302690","3",103699331,33032,"C(CC(=O)O)[C@@H](C(=O)O)N","Active",NA,NA,NA,"0.34","IC50"
"1160722",NA,"DMD302690","3",103699331,33032,"C(CC(=O)O)[C@@H](C(=O)O)N","Active",NA,NA,NA,"0.38","IC50"
"1160724",NA,"DMD302690","3",103699331,33032,"C(CC(=O)O)[C@@H](C(=O)O)N","Active",NA,NA,NA,"1.6","EC50"
"1160725",NA,"DMD302690","3",103699331,33032,"C(CC(=O)O)[C@@H](C(=O)O)N","Active",NA,NA,NA,"1.8","EC50"
"1160726",NA,"DMD302690","3",103699331,33032,"C(CC(=O)O)[C@@H](C(=O)O)N","Active",NA,NA,NA,"0.06","EC50"
"1160727",NA,"DMD302690","3",103699331,33032,"C(CC(=O)O)[C@@H](C(=O)O)N","Active",NA,NA,NA,"3.2","EC50"
"1160728",NA,"DMD302690","3",103699331,33032,"C(CC(=O)O)[C@@H](C(=O)O)N","Active",NA,NA,NA,"4.7","EC50"
"1247429",NA,"DMD302690","1",103699331,33032,"C(CC(=O)O)[C@@H](C(=O)O)N","Active",NA,NA,NA,"1.827","EC50"
"1247431",NA,"DMD302690","1",103699331,33032,"C(CC(=O)O)[C@@H](C(=O)O)N","Active",NA,NA,NA,"2.351","EC50"
"1247433",NA,"DMD302690","1",103699331,33032,"C(CC(=O)O)[C@@H](C(=O)O)N","Active",NA,NA,NA,"1.767","EC50"
"1247435",NA,"DMD302690","1",103699331,33032,"C(CC(=O)O)[C@@H](C(=O)O)N","Active",NA,NA,NA,"2.575","EC50"
"1247437",NA,"DMD302690","1",103699331,33032,"C(CC(=O)O)[C@@H](C(=O)O)N","Active",NA,NA,NA,"1.002","EC50"
"1247439",NA,"DMD302690","1",103699331,33032,"C(CC(=O)O)[C@@H](C(=O)O)N","Active",NA,NA,NA,"4.182","EC50"
"1247441",NA,"DMD302690","1",103699331,33032,"C(CC(=O)O)[C@@H](C(=O)O)N","Active",NA,NA,NA,"1.484","EC50"
"1247443",NA,"DMD302690","1",103699331,33032,"C(CC(=O)O)[C@@H](C(=O)O)N","Active",NA,NA,NA,"5.118","EC50"
"1263932",NA,"DMD302690","2",103699331,33032,"C(CC(=O)O)[C@@H](C(=O)O)N","Active",NA,NA,NA,"0.34","IC50"
"1263933",NA,"DMD302690","2",103699331,33032,"C(CC(=O)O)[C@@H](C(=O)O)N","Active",NA,NA,NA,"0.38","IC50"
"1289812",NA,"DMD302690","8",103699331,33032,"C(CC(=O)O)[C@@H](C(=O)O)N","Active",NA,NA,NA,"1.58489","EC50"
"1289812",NA,"DMD302690","9",103699331,33032,"C(CC(=O)O)[C@@H](C(=O)O)N","Active",NA,NA,NA,"1.6","EC50"
"1289813",NA,"DMD302690","6",103699331,33032,"C(CC(=O)O)[C@@H](C(=O)O)N","Active",NA,NA,NA,"4.7","EC50"
"1289813",NA,"DMD302690","7",103699331,33032,"C(CC(=O)O)[C@@H](C(=O)O)N","Active",NA,NA,NA,"4.67735","EC50"
"1289814",NA,"DMD302690","9",103699331,33032,"C(CC(=O)O)[C@@H](C(=O)O)N","Active",NA,NA,NA,"1.8197","EC50"
"1289814",NA,"DMD302690","10",103699331,33032,"C(CC(=O)O)[C@@H](C(=O)O)N","Active",NA,NA,NA,"1.8","EC50"
"1289815",NA,"DMD302690","3",103699331,33032,"C(CC(=O)O)[C@@H](C(=O)O)N","Active",NA,NA,NA,"0.05754","EC50"
"1289815",NA,"DMD302690","4",103699331,33032,"C(CC(=O)O)[C@@H](C(=O)O)N","Active",NA,NA,NA,"0.06","EC50"
"1289816",NA,"DMD302690","8",103699331,33032,"C(CC(=O)O)[C@@H](C(=O)O)N","Active",NA,NA,NA,"3.23594","EC50"
"1289816",NA,"DMD302690","9",103699331,33032,"C(CC(=O)O)[C@@H](C(=O)O)N","Active",NA,NA,NA,"3.2","EC50"
"1289817",NA,"DMD302690","3",103699331,33032,"C(CC(=O)O)[C@@H](C(=O)O)N","Active",NA,NA,NA,"1.18","EC50"
"1289820",NA,"DMD302690","3",103699331,33032,"C(CC(=O)O)[C@@H](C(=O)O)N","Active",NA,NA,NA,"8.99","EC50"
"1289823",NA,"DMD302690","3",103699331,33032,"C(CC(=O)O)[C@@H](C(=O)O)N","Active",NA,NA,NA,"9.49","EC50"
"1289829",NA,"DMD302690","3",103699331,33032,"C(CC(=O)O)[C@@H](C(=O)O)N","Active",NA,NA,NA,"3.4","EC50"
"1290113",NA,"DMD302690","1",103699331,33032,"C(CC(=O)O)[C@@H](C(=O)O)N","Active",NA,NA,NA,"3.4","EC50"
"1553721",NA,"DMD302690","3",103699331,33032,"C(CC(=O)O)[C@@H](C(=O)O)N","Active",NA,NA,NA,"0.34","IC50"
"1553722",NA,"DMD302690","3",103699331,33032,"C(CC(=O)O)[C@@H](C(=O)O)N","Active",NA,NA,NA,"0.38","IC50"
"1553728",NA,"DMD302690","1",103699331,33032,"C(CC(=O)O)[C@@H](C(=O)O)N","Active",NA,NA,NA,"4.89779","EC50"
"1553728",NA,"DMD302690","2",103699331,33032,"C(CC(=O)O)[C@@H](C(=O)O)N","Active",NA,NA,NA,"4.8","EC50"
"1698635",NA,"DMD302690","1",103699331,33032,"C(CC(=O)O)[C@@H](C(=O)O)N","Active",NA,NA,NA,"0.2","IC50"
"1698636",NA,"DMD302690","1",103699331,33032,"C(CC(=O)O)[C@@H](C(=O)O)N","Active",NA,NA,NA,"0.6","IC50"
"1698637",NA,"DMD302690","1",103699331,33032,"C(CC(=O)O)[C@@H](C(=O)O)N","Active",NA,NA,NA,"0.25","IC50"
"1915496",NA,"DMD302690","4",103699331,33032,"C(CC(=O)O)[C@@H](C(=O)O)N","Active",NA,NA,NA,"0.07","IC50"
"2067565",NA,"DMD302690","4",103699331,33032,"C(CC(=O)O)[C@@H](C(=O)O)N","Active",NA,NA,NA,"4","EC50"
"2067566",NA,"DMD302690","4",103699331,33032,"C(CC(=O)O)[C@@H](C(=O)O)N","Active",NA,NA,NA,"9","EC50"
"2097860",NA,"DMD302690","3",103699331,33032,"C(CC(=O)O)[C@@H](C(=O)O)N","Active",NA,NA,NA,"4","EC50"
"2097861",NA,"DMD302690","3",103699331,33032,"C(CC(=O)O)[C@@H](C(=O)O)N","Active",NA,NA,NA,"9","EC50"
"1222907",NA,"DMD302040","4",103313732,6029,"C1=CN(C(=O)NC1=O)[C@H]2[C@@H]([C@@H]([C@H](O2)CO)O)O","Active",NA,NA,NA,"5.8","IC50"
"1222909",NA,"DMD302040","4",103313732,6029,"C1=CN(C(=O)NC1=O)[C@H]2[C@@H]([C@@H]([C@H](O2)CO)O)O","Active",NA,NA,NA,"5.4","IC50"
"216185",NA,"DMD302535","2",103179217,1110,"C(CC(=O)O)C(=O)O","Active",NA,NA,NA,"0.0013","IC50"
"1961825",NA,"DMD302269","72",103167706,5280934,"CC/C=C\C/C=C\C/C=C\CCCCCCCC(=O)O","Active",NA,NA,NA,"6.3","AC50"
"660866",NA,"DMD302147","4",103313321,6175,"C1=CN(C(=O)N=C1N)[C@H]2[C@@H]([C@@H]([C@H](O2)CO)O)O","Active",NA,NA,NA,"0.385","EC50"
"1159413",NA,"DMD302147","4",103313321,6175,"C1=CN(C(=O)N=C1N)[C@H]2[C@@H]([C@@H]([C@H](O2)CO)O)O","Active",NA,NA,NA,"7.31","IC50"
"1159416",NA,"DMD302147","4",103313321,6175,"C1=CN(C(=O)N=C1N)[C@H]2[C@@H]([C@@H]([C@H](O2)CO)O)O","Active",NA,NA,NA,"4.27","IC50"
"1912455",NA,"DMD302676","1",103187076,586,"CN(CC(=O)O)C(=N)N","Active",NA,NA,NA,"5","EC50"
"977600",NA,"DMD302277","4",103178961,444899,"CCCCC/C=C\C/C=C\C/C=C\C/C=C\CCCC(=O)O","Active",NA,NA,NA,"0.60256","IC50"
"977603",NA,"DMD302277","4",103178961,444899,"CCCCC/C=C\C/C=C\C/C=C\C/C=C\CCCC(=O)O","Active",NA,NA,NA,"1.07152","IC50"
"1961826",NA,"DMD302653","44",103167698,445639,"CCCCCCCC/C=C\CCCCCCCC(=O)O","Active",NA,NA,NA,"6.6845","AC50"
"1961826",NA,"DMD302655","580",103636892,5280933,"CCCCC/C=C\C/C=C\C/C=C\CCCCC(=O)O","Active",NA,NA,NA,"4.9111","AC50"
"1961828",NA,"DMD302653","44",103167698,445639,"CCCCCCCC/C=C\CCCCCCCC(=O)O","Active",NA,NA,NA,"3.5419","AC50"
"1961828",NA,"DMD302278","545",103582828,446284,"CC/C=C\C/C=C\C/C=C\C/C=C\C/C=C\CCCC(=O)O","Active",NA,NA,NA,"9.8408","AC50"
"1447407",NA,"DMD302643","1",103329783,2969,"CCCCCCCCCC(=O)O","Active",NA,NA,NA,"7.42","EC50"
"1447408",NA,"DMD302643","1",103329783,2969,"CCCCCCCCCC(=O)O","Active",NA,NA,NA,"6.08","EC50"
"1447415",NA,"DMD302643","1",103329783,2969,"CCCCCCCCCC(=O)O","Active",NA,NA,NA,"4.5","EC50"
"1447442",NA,"DMD302643","1",103329783,2969,"CCCCCCCCCC(=O)O","Active",NA,NA,NA,"10","EC50"
"1546371",NA,"DMD302643","1",103329783,2969,"CCCCCCCCCC(=O)O","Active",NA,NA,NA,"4.6","EC50"
"1546372",NA,"DMD302643","1",103329783,2969,"CCCCCCCCCC(=O)O","Active",NA,NA,NA,"4.6","EC50"
"1546375",NA,"DMD302643","1",103329783,2969,"CCCCCCCCCC(=O)O","Active",NA,NA,NA,"10","EC50"
"1708003",NA,"DMD302643","1",103329783,2969,"CCCCCCCCCC(=O)O","Active",NA,NA,NA,"7.6","EC50"
"1992743",NA,"DMD302643","1",103329783,2969,"CCCCCCCCCC(=O)O","Active",NA,NA,NA,"4.5","EC50"
"1546364",NA,"DMD302250","2",103329670,12530,"CCCCCCCCCCCCC(=O)O","Active",NA,NA,NA,"1.7","EC50"
"1546364",NA,"DMD302251","4",103329704,11005,"CCCCCCCCCCCCCC(=O)O","Active",NA,NA,NA,"7.01","EC50"
"1546364",NA,"DMD302249","6",103329807,3893,"CCCCCCCCCCCC(=O)O","Active",NA,NA,NA,"3.49","EC50"
"1546366",NA,"DMD302250","2",103329670,12530,"CCCCCCCCCCCCC(=O)O","Active",NA,NA,NA,"9.61","EC50"
"1546366",NA,"DMD302249","6",103329807,3893,"CCCCCCCCCCCC(=O)O","Active",NA,NA,NA,"8.87","EC50"
"1707044",NA,"DMD302249","3",103329807,3893,"CCCCCCCCCCCC(=O)O","Active",NA,NA,NA,"8.8","EC50"
"1308064",NA,"DMD302249","1",103329807,3893,"CCCCCCCCCCCC(=O)O","Active",NA,NA,NA,"7.94328","EC50"
"1308067",NA,"DMD302249","1",103329807,3893,"CCCCCCCCCCCC(=O)O","Active",NA,NA,NA,"0.75858","EC50"
"1416220",NA,"DMD302249","3",103329807,3893,"CCCCCCCCCCCC(=O)O","Active",NA,NA,NA,"7.58578","EC50"
"1416223",NA,"DMD302249","1",103329807,3893,"CCCCCCCCCCCC(=O)O","Active",NA,NA,NA,"8.70964","EC50"
"261940",NA,"DMD302649","1",103287192,985,"CCCCCCCCCCCCCCCC(=O)O","Active",NA,NA,NA,"5","IC50"
"261940",NA,"DMD302251","3",103329704,11005,"CCCCCCCCCCCCCC(=O)O","Active",NA,NA,NA,"5","IC50"
"1114584",NA,"DMD302653","1",103167698,445639,"CCCCCCCC/C=C\CCCCCCCC(=O)O","Active",NA,NA,NA,"0.6","IC50"
"1114584",NA,"DMD302269","2",103167706,5280934,"CC/C=C\C/C=C\C/C=C\CCCCCCCC(=O)O","Active",NA,NA,NA,"1.2","IC50"
"1114584",NA,"DMD302654","3",103167732,5280450,"CCCCC/C=C\C/C=C\CCCCCCCC(=O)O","Active",NA,NA,NA,"1.1","IC50"
"1114584",NA,"DMD302277","4",103178961,444899,"CCCCC/C=C\C/C=C\C/C=C\C/C=C\CCCC(=O)O","Active",NA,NA,NA,"1.2","IC50"
"1114584",NA,"DMD302652","5",103224646,5281,"CCCCCCCCCCCCCCCCCC(=O)O","Active",NA,NA,NA,"1.1","IC50"
"1114584",NA,"DMD302649","6",103287192,985,"CCCCCCCCCCCCCCCC(=O)O","Active",NA,NA,NA,"1.5","IC50"
"1114584",NA,"DMD302251","7",103329704,11005,"CCCCCCCCCCCCCC(=O)O","Active",NA,NA,NA,"5.4","IC50"
"1114584",NA,"DMD302278","10",103582828,446284,"CC/C=C\C/C=C\C/C=C\C/C=C\C/C=C\CCCC(=O)O","Active",NA,NA,NA,"1.1","IC50"
"1114584",NA,"DMD302257","11",103636869,445638,"CCCCCC/C=C\CCCCCCCC(=O)O","Active",NA,NA,NA,"1.7","IC50"
"1114584",NA,"DMD302655","12",103636892,5280933,"CCCCC/C=C\C/C=C\C/C=C\CCCCC(=O)O","Active",NA,NA,NA,"0.27","IC50"
"241812",NA,"DMD302649","1",103287192,985,"CCCCCCCCCCCCCCCC(=O)O","Active",NA,NA,NA,"0.93","IC50"
"241834",NA,"DMD302649","1",103287192,985,"CCCCCCCCCCCCCCCC(=O)O","Active",NA,NA,NA,"1.2","IC50"
"241835",NA,"DMD302649","1",103287192,985,"CCCCCCCCCCCCCCCC(=O)O","Active",NA,NA,NA,"1.7","IC50"
"242001",NA,"DMD302649","1",103287192,985,"CCCCCCCCCCCCCCCC(=O)O","Active",NA,NA,NA,"2.6","IC50"
"1114582",NA,"DMD302653","1",103167698,445639,"CCCCCCCC/C=C\CCCCCCCC(=O)O","Active",NA,NA,NA,"5.3","IC50"
"1114582",NA,"DMD302654","3",103167732,5280450,"CCCCC/C=C\C/C=C\CCCCCCCC(=O)O","Active",NA,NA,NA,"10","IC50"
"1114582",NA,"DMD302277","4",103178961,444899,"CCCCC/C=C\C/C=C\C/C=C\C/C=C\CCCC(=O)O","Active",NA,NA,NA,"3.1","IC50"
"1114582",NA,"DMD302652","5",103224646,5281,"CCCCCCCCCCCCCCCCCC(=O)O","Active",NA,NA,NA,"6","IC50"
"1114582",NA,"DMD302649","6",103287192,985,"CCCCCCCCCCCCCCCC(=O)O","Active",NA,NA,NA,"7.4","IC50"
"1114582",NA,"DMD302278","10",103582828,446284,"CC/C=C\C/C=C\C/C=C\C/C=C\C/C=C\CCCC(=O)O","Active",NA,NA,NA,"4","IC50"
"1114582",NA,"DMD302257","11",103636869,445638,"CCCCCC/C=C\CCCCCCCC(=O)O","Active",NA,NA,NA,"9.6","IC50"
"1114582",NA,"DMD302655","12",103636892,5280933,"CCCCC/C=C\C/C=C\C/C=C\CCCCC(=O)O","Active",NA,NA,NA,"0.75","IC50"
"1639697",NA,"DMD302528","6",103258138,1176,"C(=O)(N)N","Active",NA,NA,NA,"0.023","EC50"
"1639697",NA,"DMD302649","8",103287192,985,"CCCCCCCCCCCCCCCC(=O)O","Active",NA,NA,NA,"0.0098","EC50"
"1639697",NA,"DMD302605","12",103651937,51,"C(CC(=O)O)C(=O)C(=O)O","Active",NA,NA,NA,"0.0055","EC50"
"1657531",NA,"DMD302653","1",103167698,445639,"CCCCCCCC/C=C\CCCCCCCC(=O)O","Active",NA,NA,NA,"6.2","IC50"
"1657531",NA,"DMD302652","2",103224646,5281,"CCCCCCCCCCCCCCCCCC(=O)O","Active",NA,NA,NA,"2.3","IC50"
"1657531",NA,"DMD302649","3",103287192,985,"CCCCCCCCCCCCCCCC(=O)O","Active",NA,NA,NA,"8.8","IC50"
"1657531",NA,"DMD302257","4",103636869,445638,"CCCCCC/C=C\CCCCCCCC(=O)O","Active",NA,NA,NA,"6.4","IC50"
"1958761",NA,"DMD302649","1",103287192,985,"CCCCCCCCCCCCCCCC(=O)O","Active",NA,NA,NA,"2.6","IC50"
"1958762",NA,"DMD302649","1",103287192,985,"CCCCCCCCCCCCCCCC(=O)O","Active",NA,NA,NA,"0.93","IC50"
"1958763",NA,"DMD302649","1",103287192,985,"CCCCCCCCCCCCCCCC(=O)O","Active",NA,NA,NA,"1.2","IC50"
"1094404",NA,"DMD302653","1",103167698,445639,"CCCCCCCC/C=C\CCCCCCCC(=O)O","Active",NA,NA,NA,"0.6","IC50"
"1094404",NA,"DMD302269","2",103167706,5280934,"CC/C=C\C/C=C\C/C=C\CCCCCCCC(=O)O","Active",NA,NA,NA,"1.2","IC50"
"1094404",NA,"DMD302654","3",103167732,5280450,"CCCCC/C=C\C/C=C\CCCCCCCC(=O)O","Active",NA,NA,NA,"1.1","IC50"
"1094404",NA,"DMD302277","4",103178961,444899,"CCCCC/C=C\C/C=C\C/C=C\C/C=C\CCCC(=O)O","Active",NA,NA,NA,"1.2","IC50"
"1094404",NA,"DMD302278","5",103582828,446284,"CC/C=C\C/C=C\C/C=C\C/C=C\C/C=C\CCCC(=O)O","Active",NA,NA,NA,"1.1","IC50"
"1094404",NA,"DMD302257","6",103636869,445638,"CCCCCC/C=C\CCCCCCCC(=O)O","Active",NA,NA,NA,"1.7","IC50"
"1094404",NA,"DMD302655","7",103636892,5280933,"CCCCC/C=C\C/C=C\C/C=C\CCCCC(=O)O","Active",NA,NA,NA,"0.27","IC50"
"1114583",NA,"DMD302653","1",103167698,445639,"CCCCCCCC/C=C\CCCCCCCC(=O)O","Active",NA,NA,NA,"4.1","IC50"
"1114583",NA,"DMD302269","2",103167706,5280934,"CC/C=C\C/C=C\C/C=C\CCCCCCCC(=O)O","Active",NA,NA,NA,"6","IC50"
"1114583",NA,"DMD302654","3",103167732,5280450,"CCCCC/C=C\C/C=C\CCCCCCCC(=O)O","Active",NA,NA,NA,"6.2","IC50"
"1114583",NA,"DMD302277","4",103178961,444899,"CCCCC/C=C\C/C=C\C/C=C\C/C=C\CCCC(=O)O","Active",NA,NA,NA,"1.6","IC50"
"1114583",NA,"DMD302278","10",103582828,446284,"CC/C=C\C/C=C\C/C=C\C/C=C\C/C=C\CCCC(=O)O","Active",NA,NA,NA,"1.6","IC50"
"1114583",NA,"DMD302257","11",103636869,445638,"CCCCCC/C=C\CCCCCCCC(=O)O","Active",NA,NA,NA,"6.4","IC50"
"1114583",NA,"DMD302655","12",103636892,5280933,"CCCCC/C=C\C/C=C\C/C=C\CCCCC(=O)O","Active",NA,NA,NA,"2.2","IC50"
"1417296",NA,"DMD302652","1",103224646,5281,"CCCCCCCCCCCCCCCCCC(=O)O","Active",NA,NA,NA,"7.5","IC50"
"1961813",NA,"DMD302652","230",103224646,5281,"CCCCCCCCCCCCCCCCCC(=O)O","Active",NA,NA,NA,"3.0931","AC50"
"1961814",NA,"DMD302652","230",103224646,5281,"CCCCCCCCCCCCCCCCCC(=O)O","Active",NA,NA,NA,"6.6579","AC50"
"1159977",NA,"DMD302653","1",103167698,445639,"CCCCCCCC/C=C\CCCCCCCC(=O)O","Active",NA,NA,NA,"8.6","IC50"
"1327077",NA,"DMD302653","1",103167698,445639,"CCCCCCCC/C=C\CCCCCCCC(=O)O","Active",NA,NA,NA,"9.5","EC50"
"1961836",NA,"DMD302653","8",103167698,445639,"CCCCCCCC/C=C\CCCCCCCC(=O)O","Active",NA,NA,NA,"4.7","AC50"
"2061331",NA,"DMD302653","1",104038909,445639,"CCCCCCCC/C=C\CCCCCCCC(=O)O","Active",NA,NA,NA,"3.6","EC50"
"347386",NA,"DMD302269","1",103167706,5280934,"CC/C=C\C/C=C\C/C=C\CCCCCCCC(=O)O","Active",NA,NA,NA,"2.6","EC50"
"347387",NA,"DMD302269","1",103167706,5280934,"CC/C=C\C/C=C\C/C=C\CCCCCCCC(=O)O","Active",NA,NA,NA,"5.2","EC50"
"673111",NA,"DMD302269","1",103167706,5280934,"CC/C=C\C/C=C\C/C=C\CCCCCCCC(=O)O","Active",NA,NA,NA,"3.23594","EC50"
"673112",NA,"DMD302269","1",103167706,5280934,"CC/C=C\C/C=C\C/C=C\CCCCCCCC(=O)O","Active",NA,NA,NA,"2.88403","EC50"
"1215087",NA,"DMD302269","4",103167706,5280934,"CC/C=C\C/C=C\C/C=C\CCCCCCCC(=O)O","Active",NA,NA,NA,"0.002","EC50"
"1215094",NA,"DMD302269","5",103167706,5280934,"CC/C=C\C/C=C\C/C=C\CCCCCCCC(=O)O","Active",NA,NA,NA,"2.5","EC50"
"1290695",NA,"DMD302269","1",103167706,5280934,"CC/C=C\C/C=C\C/C=C\CCCCCCCC(=O)O","Active",NA,NA,NA,"3.16228","EC50"
"1290695",NA,"DMD302269","2",103167706,5280934,"CC/C=C\C/C=C\C/C=C\CCCCCCCC(=O)O","Active",NA,NA,NA,"3","EC50"
"1067780",NA,"DMD302287","1",103445456,445580,"CC/C=C\C/C=C\C/C=C\C/C=C\C/C=C\C/C=C\CCC(=O)O","Active",NA,NA,NA,"2","IC50"
"1067780",NA,"DMD302278","2",103582828,446284,"CC/C=C\C/C=C\C/C=C\C/C=C\C/C=C\CCCC(=O)O","Active",NA,NA,NA,"2","IC50"
"209196",NA,"DMD302277","3",103178961,444899,"CCCCC/C=C\C/C=C\C/C=C\C/C=C\CCCC(=O)O","Active",NA,NA,NA,"0.0047","IC50"
"209197",NA,"DMD302277","3",103178961,444899,"CCCCC/C=C\C/C=C\C/C=C\C/C=C\CCCC(=O)O","Active",NA,NA,NA,"0.18","IC50"
"223075",NA,"DMD302277","2",103178961,444899,"CCCCC/C=C\C/C=C\C/C=C\C/C=C\CCCC(=O)O","Active",NA,NA,NA,"0.94","IC50"
"330323",NA,"DMD302277","1",103178961,444899,"CCCCC/C=C\C/C=C\C/C=C\C/C=C\CCCC(=O)O","Active",NA,NA,NA,"10","IC50"
"1207609",NA,"DMD302277","1",103178961,444899,"CCCCC/C=C\C/C=C\C/C=C\C/C=C\CCCC(=O)O","Active",NA,NA,NA,"5.8","IC50"
"1207610",NA,"DMD302277","1",103178961,444899,"CCCCC/C=C\C/C=C\C/C=C\C/C=C\CCCC(=O)O","Active",NA,NA,NA,"8.5","IC50"
"1594139",NA,"DMD302277","11",103178961,444899,"CCCCC/C=C\C/C=C\C/C=C\C/C=C\CCCC(=O)O","Active",NA,NA,NA,"4.5","IC50"
"1594141",NA,"DMD302277","11",103178961,444899,"CCCCC/C=C\C/C=C\C/C=C\C/C=C\CCCC(=O)O","Active",NA,NA,NA,"7.3","IC50"
"1854431",NA,"DMD302277","1",103178961,444899,"CCCCC/C=C\C/C=C\C/C=C\C/C=C\CCCC(=O)O","Active",NA,NA,NA,"2.75","IC50"
"1958760",NA,"DMD302277","1",103178961,444899,"CCCCC/C=C\C/C=C\C/C=C\C/C=C\CCCC(=O)O","Active",NA,NA,NA,"5.13","IC50"
"360927",NA,"DMD302287","7",103445456,445580,"CC/C=C\C/C=C\C/C=C\C/C=C\C/C=C\C/C=C\CCC(=O)O","Active",NA,NA,NA,"9.8","IC50"
"360927",NA,"DMD302278","9",103582828,446284,"CC/C=C\C/C=C\C/C=C\C/C=C\C/C=C\CCCC(=O)O","Active",NA,NA,NA,"7.1","IC50"
"406142",NA,"DMD302287","2",103445456,445580,"CC/C=C\C/C=C\C/C=C\C/C=C\C/C=C\C/C=C\CCC(=O)O","Active",NA,NA,NA,"0.013","IC50"
"1450025",NA,"DMD302287","4",103445456,445580,"CC/C=C\C/C=C\C/C=C\C/C=C\C/C=C\C/C=C\CCC(=O)O","Active",NA,NA,NA,"0.0004","IC50"
"1450026",NA,"DMD302287","3",103445456,445580,"CC/C=C\C/C=C\C/C=C\C/C=C\C/C=C\C/C=C\CCC(=O)O","Active",NA,NA,NA,"0.00043","IC50"
"1801388",NA,"DMD302287","4",104086818,445580,"CC/C=C\C/C=C\C/C=C\C/C=C\C/C=C\C/C=C\CCC(=O)O","Active",NA,NA,NA,"6.76","IC50"
"1924324",NA,"DMD302287","1",103445456,445580,"CC/C=C\C/C=C\C/C=C\C/C=C\C/C=C\C/C=C\CCC(=O)O","Active",NA,NA,NA,"0.073","IC50"
"1954391",NA,"DMD302287","2",103445456,445580,"CC/C=C\C/C=C\C/C=C\C/C=C\C/C=C\C/C=C\CCC(=O)O","Active",NA,NA,NA,"4.8224","IC50"
"344926",NA,"DMD302535","1",103179217,1110,"C(CC(=O)O)C(=O)O","Active",NA,NA,NA,"3","IC50"
"1981471",NA,"DMD302535","1",103179217,1110,"C(CC(=O)O)C(=O)O","Active",NA,NA,NA,"9.12011","EC50"
"1981473",NA,"DMD302535","1",103179217,1110,"C(CC(=O)O)C(=O)O","Active",NA,NA,NA,"9.54993","EC50"
"1981478",NA,"DMD302535","1",103179217,1110,"C(CC(=O)O)C(=O)O","Active",NA,NA,NA,"2.04174","EC50"
"1981498",NA,"DMD302535","1",103179217,1110,"C(CC(=O)O)C(=O)O","Active",NA,NA,NA,"5.12861","EC50"
"1922202",NA,"DMD302653","1",103600983,637517,"CCCCCCCC/C=C/CCCCCCCC(=O)O","Active",NA,NA,NA,"1.995","IC50"
"371570",NA,"DMD302654","1",103167732,5280450,"CCCCC/C=C\C/C=C\CCCCCCCC(=O)O","Active",NA,NA,NA,"0.54","EC50"
"371573",NA,"DMD302654","1",103167732,5280450,"CCCCC/C=C\C/C=C\CCCCCCCC(=O)O","Active",NA,NA,NA,"1.8","EC50"
"371576",NA,"DMD302654","1",103167732,5280450,"CCCCC/C=C\C/C=C\CCCCCCCC(=O)O","Active",NA,NA,NA,"0.54","EC50"
"371576",NA,"DMD302654","2",103167732,5280450,"CCCCC/C=C\C/C=C\CCCCCCCC(=O)O","Active",NA,NA,NA,"0.54954","EC50"
"455080",NA,"DMD302654","1",103167732,5280450,"CCCCC/C=C\C/C=C\CCCCCCCC(=O)O","Active",NA,NA,NA,"1","IC50"
"483948",NA,"DMD302654","1",103167732,5280450,"CCCCC/C=C\C/C=C\CCCCCCCC(=O)O","Active",NA,NA,NA,"1","IC50"
"483950",NA,"DMD302654","1",103167732,5280450,"CCCCC/C=C\C/C=C\CCCCCCCC(=O)O","Active",NA,NA,NA,"1","IC50"
"1178768",NA,"DMD302654","1",103167732,5280450,"CCCCC/C=C\C/C=C\CCCCCCCC(=O)O","Active",NA,NA,NA,"0.31623","EC50"
"1192390",NA,"DMD302654","1",103167732,5280450,"CCCCC/C=C\C/C=C\CCCCCCCC(=O)O","Active",NA,NA,NA,"1","IC50"
"1192391",NA,"DMD302654","1",103167732,5280450,"CCCCC/C=C\C/C=C\CCCCCCCC(=O)O","Active",NA,NA,NA,"1","IC50"
"1418782",NA,"DMD302654","1",103167732,5280450,"CCCCC/C=C\C/C=C\CCCCCCCC(=O)O","Active",NA,NA,NA,"4.8","EC50"
"1624318",NA,"DMD302654","1",103167732,5280450,"CCCCC/C=C\C/C=C\CCCCCCCC(=O)O","Active",NA,NA,NA,"4.8","EC50"
"1674107",NA,"DMD302654","1",103167732,5280450,"CCCCC/C=C\C/C=C\CCCCCCCC(=O)O","Active",NA,NA,NA,"0.69","IC50"
"1674108",NA,"DMD302654","1",103167732,5280450,"CCCCC/C=C\C/C=C\CCCCCCCC(=O)O","Active",NA,NA,NA,"0.69","IC50"
"1924332",NA,"DMD302654","1",103167732,5280450,"CCCCC/C=C\C/C=C\CCCCCCCC(=O)O","Active",NA,NA,NA,"6.91831","EC50"
"1996570",NA,"DMD302654","1",103167732,5280450,"CCCCC/C=C\C/C=C\CCCCCCCC(=O)O","Active",NA,NA,NA,"6.043","EC50"
"1984357",NA,"DMD302686","8",103648919,444972,"C(=C/C(=O)O)\C(=O)O","Active",NA,NA,NA,"9.33254","IC50"
"1275404",NA,"DMD302655","2",103636892,5280933,"CCCCC/C=C\C/C=C\C/C=C\CCCCC(=O)O","Active",NA,NA,NA,"4.62","EC50"
"1495714",NA,"DMD302668","1",103176148,180,"CC(=O)C","Active",NA,NA,NA,"7.5","IC50"
"569930",NA,"DMD302672","1",103176198,264,"CCCC(=O)O","Active",NA,NA,NA,"9","IC50"
"52130",NA,"DMD302674","1",103240245,305,"C[N+](C)(C)CCO","Active",NA,NA,NA,"1.6","IC50"
"1961353",NA,"DMD302674","1",103240245,305,"C[N+](C)(C)CCO","Active",NA,NA,NA,"4.7","IC50"
"1959942",NA,"DMD302680","24",103194770,6213,"CS(=O)(=O)C","Active",NA,NA,NA,"0.0026","IC50"
"1872874",NA,"DMD302688","2",104243011,5793,"C([C@@H]1[C@H]([C@@H]([C@H](C(O1)O)O)O)O)O","Active",NA,NA,NA,"2.6","IC50"
"107065",NA,"DMD302690","2",103271360,23327,"C(CC(=O)O)[C@H](C(=O)O)N","Active",NA,NA,NA,"4.4","EC50"
"108501",NA,"DMD302690","2",103271360,23327,"C(CC(=O)O)[C@H](C(=O)O)N","Active",NA,NA,NA,"10","EC50"
"108977",NA,"DMD302690","2",103271360,23327,"C(CC(=O)O)[C@H](C(=O)O)N","Active",NA,NA,NA,"4","EC50"
"109171",NA,"DMD302690","1",103271360,23327,"C(CC(=O)O)[C@H](C(=O)O)N","Active",NA,NA,NA,"9","EC50"
"179582",NA,"DMD302690","3",103271360,23327,"C(CC(=O)O)[C@H](C(=O)O)N","Active",NA,NA,NA,"2.5","IC50"
"489738",NA,"DMD302700","1",103583176,24139,"CC(=O)N[C@@H]1[C@H]([C@@H]([C@H](O[C@H]1O)CO)O)O","Active",NA,NA,NA,"1.99526","IC50"
"493446",NA,"DMD302700","1",103583176,24139,"CC(=O)N[C@@H]1[C@H]([C@@H]([C@H](O[C@H]1O)CO)O)O","Active",NA,NA,NA,"2.51189","IC50"
"679734",NA,"DMD306416","1",103333811,5997,"C[C@H](CCCC(C)C)[C@H]1CC[C@@H]2[C@@]1(CC[C@H]3[C@H]2CC=C4[C@@]3(CC[C@@H](C4)O)C)C","Active",NA,NA,NA,"8.2","IC50"
"1505268",NA,"DMD306416","1",103333811,5997,"C[C@H](CCCC(C)C)[C@H]1CC[C@@H]2[C@@]1(CC[C@H]3[C@H]2CC=C4[C@@]3(CC[C@@H](C4)O)C)C","Active",NA,NA,NA,"0.02","EC50"
"1709549",NA,"DMD306416","1",103333811,5997,"C[C@H](CCCC(C)C)[C@H]1CC[C@@H]2[C@@]1(CC[C@H]3[C@H]2CC=C4[C@@]3(CC[C@@H](C4)O)C)C","Active",NA,NA,NA,"0.418","EC50"
