Protein ID	Peptide	Protein description	Species	Intervals	Function	Additional details	IC50 (μM)	Inhibition type	Inhibited microorganisms	PTM	Title	Authors	Abstract	DOI
P02769	VR	Serum albumin	Bos taurus	432-433	ACE-inhibitory		52.8				Identification of novel angiotensin-converting enzyme-inhibitory peptides from ovine milk proteins by CE-MS and chromatographic techniques	Gomez-Ruiz, JA. et al.	In this report, we present the use of CE-MS as complement to RP separation for the identification of novel angiotensin-converting enzyme-inhibitory (ACEI) peptides from a complex milk protein hydrolysate. As preliminary step, fast protein LC (FPLC) was used to isolate the different casein fractions from raw ovine milk. Enzymatic hydrolysis of these fractions was performed by using proteolytic enzymes of gastrointestinal origin. The most active hydrolysate, corresponding to κ-casein hydrolyzed with pepsin, chymotrypsin, and trypsin, was fractionated by RP-HPLC and the peptides contained in the active fractions were sequenced by CE coupled to IT-MS (CE-MS). The use of CE-MS allowed the identification of short peptides with ACEI activity included in the scarcely retained fraction obtained by semipreparative RP-HPLC. Among the identified peptides, those with hydrophobic or positively charged residues at the C-terminal tripeptide were chemically synthesized to determine their ACEI activity. This procedure allowed us to identify four novel potent ACEI peptides from κ-casein with sequences IAK, YQQRPVA, WQVLPNAVPAK, and HPHPHLSF. These active sequences could be obtained by enzymatic hydrolysis either of the individual κ-casein fraction or the total casein fraction from ovine milk.	10.1002/elps.200700324
P02769	VR	Serum albumin	Bos taurus	432-433	DPP-IV Inhibitory		826.1				Inhibition of dipeptidyl peptidase IV (DPP-IV) by proline containing casein-derived peptides	Nongonierma, A. et al.	Dipeptides with a C terminal Pro inhibit dipeptidyl peptidase IV (DPP-IV), a key enzyme in incretin hormone processing. It was hypothesised that tri- and tetrapeptides with a proline at the C-terminus may also be DPP-IV inhibitors. Therefore, an in silico hydrolysis approach was used to release short (4 ⩽ amino acids) C terminal Pro peptides from the individual caseins which constitute Pro rich substrates. This was achieved using theoretical digestion of caseins with a prolyl oligopeptidase activity. Fifteen peptides were subsequently selected for in vitro DPP-IV inhibitory analysis. Stability of these peptides to gastrointestinal enzymes was also evaluated in silico and the predicted breakdown peptides were assessed for their DPP-IV inhibitory and antioxidant potential. New DPP-IV inhibitors were identified, the most potent being Phe-Leu-Gln-Pro (IC50 65.3 ± 3.5 μM). A low in vitro antioxidant (2,2-diphenyl-1-picrylhydrazyl (DPPH) scavenging) activity was also associated with the peptides studied. The strategy presented highlights the utility of employing an in silico approach for the prediction of food-derived peptides with a potential role in glycaemic management for subsequent development of functional foods.	10.1016/j.peptides.2012.11.016
P02769	LP	Serum albumin	Bos taurus	136-137, 202-203, 325-326, 539-540	DPP-IV Inhibitory		712.5				Inhibition of dipeptidyl peptidase IV (DPP-IV) by proline containing casein-derived peptides	Nongonierma, A. et al.	Dipeptides with a C terminal Pro inhibit dipeptidyl peptidase IV (DPP-IV), a key enzyme in incretin hormone processing. It was hypothesised that tri- and tetrapeptides with a proline at the C-terminus may also be DPP-IV inhibitors. Therefore, an in silico hydrolysis approach was used to release short (4 ⩽ amino acids) C terminal Pro peptides from the individual caseins which constitute Pro rich substrates. This was achieved using theoretical digestion of caseins with a prolyl oligopeptidase activity. Fifteen peptides were subsequently selected for in vitro DPP-IV inhibitory analysis. Stability of these peptides to gastrointestinal enzymes was also evaluated in silico and the predicted breakdown peptides were assessed for their DPP-IV inhibitory and antioxidant potential. New DPP-IV inhibitors were identified, the most potent being Phe-Leu-Gln-Pro (IC50 65.3 ± 3.5 μM). A low in vitro antioxidant (2,2-diphenyl-1-picrylhydrazyl (DPPH) scavenging) activity was also associated with the peptides studied. The strategy presented highlights the utility of employing an in silico approach for the prediction of food-derived peptides with a potential role in glycaemic management for subsequent development of functional foods.	10.1016/j.jff.2013.09.012
P02769	IP	Serum albumin	Bos taurus	321-322	ACE-inhibitory		130.0				Characterisation of the hydrolytic specificity of Aspergillus niger derived prolyl endoproteinase on bovine β-casein and determination of ACE inhibitory activity	Norris, R. et al.	The hydrolytic specificity of Aspergillus niger prolyl endoproteinase (An-PEP) on purified β-casein (β-CN) was assessed. This analysis confirmed cleavage at the C-terminal side of Pro residues. An-PEP also had the ability to cleave at the C-terminal side of Ala, Glu, Gly, Ser, Lys and Leu. Incubation of purified β-CN with An-PEP resulted in the generation of highly potent angiotensin converting enzyme (ACE) inhibitory hydrolysates. The most potent hydrolysate was obtained after 24 h incubation (ACE IC50 = 16.41 ± 6.06 μg/mL). Fourteen β-CN derived C-terminal Pro-containing di-, tri, and tetrapeptides which were predicted in silico to be released following An-PEP hydrolysis or which were detected by ultra-performance liquid chromatography–mass spectrometry (UPLC–MS/MS) in the 24 h hydrolysate were synthesised and characterised for their ACE inhibitory activity. The most potent inhibitory peptides were Ile-Gln-Ala (β-CN f187–189) and Val-Glu-Pro (β-CN f116–118) having ACE IC50 values of 32.9 ± 9.2 and 63.7 ± 12.0 μM, respectively. The hydrolysates generated appear to have the most potent ACE IC50 values reported for a food derived hydrolysate to date.	10.1016/j.foodchem.2014.01.056
P02769	IP	Serum albumin	Bos taurus	321-322	DPP-IV Inhibitory		149.6				Inhibition of dipeptidyl peptidase IV (DPP-IV) by proline containing casein-derived peptides	Nongonierma, A. et al.	Dipeptides with a C terminal Pro inhibit dipeptidyl peptidase IV (DPP-IV), a key enzyme in incretin hormone processing. It was hypothesised that tri- and tetrapeptides with a proline at the C-terminus may also be DPP-IV inhibitors. Therefore, an in silico hydrolysis approach was used to release short (4 ⩽ amino acids) C terminal Pro peptides from the individual caseins which constitute Pro rich substrates. This was achieved using theoretical digestion of caseins with a prolyl oligopeptidase activity. Fifteen peptides were subsequently selected for in vitro DPP-IV inhibitory analysis. Stability of these peptides to gastrointestinal enzymes was also evaluated in silico and the predicted breakdown peptides were assessed for their DPP-IV inhibitory and antioxidant potential. New DPP-IV inhibitors were identified, the most potent being Phe-Leu-Gln-Pro (IC50 65.3 ± 3.5 μM). A low in vitro antioxidant (2,2-diphenyl-1-picrylhydrazyl (DPPH) scavenging) activity was also associated with the peptides studied. The strategy presented highlights the utility of employing an in silico approach for the prediction of food-derived peptides with a potential role in glycaemic management for subsequent development of functional foods.	10.1016/j.jff.2013.09.012
P02769	FP	Serum albumin	Bos taurus	246-247	ACE-inhibitory		"1) 315.0,
2) 205.0,
3) 315.0"				"1) Structural analysis of new antihypertensive peptides derived from cheese whey protein by proteinase K digestion,
2) Characterization of New Milk-derived Inhibitors of Angiotensin Converting Enzyme In Vitro and In Vivo,
3) Characterisation of the hydrolytic specificity of Aspergillus niger derived prolyl endoproteinase on bovine β-casein and determination of ACE inhibitory activity"	"1) Abubakar, A. et al.,
2) Fuglsang, A. et al.,
3) Norris, R. et al."	"1) Whey protein was digested with one of seven kinds of proteases at 37 degrees C (trypsin, proteinase K, actinase E, thermolysin, or papain) or at 25 degrees C (pepsin or chymotrypsin) for 24 h. The digested samples were assayed for the inhibitory activity of angiotensin-converting enzyme and for changes in the systolic blood pressure caused in spontaneously hypertensive rats after gastric intubation. The strongest depressive effect on the systolic blood pressure (-55 mm Hg) was observed at 6 h after gastric intubation of the whey protein that was digested by proteinase K. Finally, six peptides were chromatographically isolated from the proteinase K digest by a combination of hydrophobic reversed-phase HPLC and gel filtration. The amino acid sequences and their origins were clarified as follows: Val-Tyr-Pro-Phe-Pro-Gly [beta-casein (CN); f 59-64], Gly-Lys-Pro (beta 2-microglobulin; f 18-20), Ile-Pro-Ala (beta-lactoglobulin; f 78-80), Phe-Pro (serum albumin; f 221-222; beta-CN, f 62-63, f 157-158, and f 205-206), Val-Tyr-Pro (beta-CN; f 59-61), and Thr-Pro-Val-Val-Val-Pro-Pro-Phe-Leu-Gln-Pro (beta-CN; f 80-90). Chemical synthesis of these six peptides confirmed that all peptides, except an undecapeptide, have antihypertensive activity in spontaneously hypertensive rats. The synthetic tripeptide Ile-Pro-Ala, originating from beta-lactoglobulin, showed the strongest antihypertensive activity (-31 mm Hg).,
2) inhibition of angiotensin converting enzyme (ACE) has been observed with a variety of different peptides, and peptide fragments with inhibitory capabilities have been identified within many different proteins, including milk proteins. The purpose of this study therefore was to identify new short peptides with inhibitory properties from the primary structure of milk proteins and to characterize them in vitro and in vivo, since no milk derived ACE inhibitors have previously been evaluated for their ability to inhibit ACE in vivo. In vitro, 8 of 9 dipeptides were found to be competitive inhibitors of ACE. The IC50 was significantly lower when an angiotensin I-like substrate was used, than when a bradykinin-like substrate was used. Using three different in vivo models for ACE inhibition, a very moderate effect was observed for three of the new peptides, but only for up to 6 or 12 minutes. Nothing was observed with two reference compounds that are reported to be hypotensive ACE-inhibitors derived from milk proteins. This raises the question whether the mechanism of hypotensive action is straightforward inhibition of ACE in vivo.,
3) The hydrolytic specificity of Aspergillus niger prolyl endoproteinase (An-PEP) on purified β-casein (β-CN) was assessed. This analysis confirmed cleavage at the C-terminal side of Pro residues. An-PEP also had the ability to cleave at the C-terminal side of Ala, Glu, Gly, Ser, Lys and Leu. Incubation of purified β-CN with An-PEP resulted in the generation of highly potent angiotensin converting enzyme (ACE) inhibitory hydrolysates. The most potent hydrolysate was obtained after 24 h incubation (ACE IC50 = 16.41 ± 6.06 μg/mL). Fourteen β-CN derived C-terminal Pro-containing di-, tri, and tetrapeptides which were predicted in silico to be released following An-PEP hydrolysis or which were detected by ultra-performance liquid chromatography–mass spectrometry (UPLC–MS/MS) in the 24 h hydrolysate were synthesised and characterised for their ACE inhibitory activity. The most potent inhibitory peptides were Ile-Gln-Ala (β-CN f187–189) and Val-Glu-Pro (β-CN f116–118) having ACE IC50 values of 32.9 ± 9.2 and 63.7 ± 12.0 μM, respectively. The hydrolysates generated appear to have the most potent ACE IC50 values reported for a food derived hydrolysate to date."	"1) 10.3168/jds.S0022-0302(98)75878-3,
2) 10.1080/1475636031000138723,
3) 10.1016/j.foodchem.2014.01.056"
"#Advanced search parameters:	Protein ID: P02769,	Species: bos taurus"
