"","Holstein_val","Jersey_val"
"P1_S6_L001",0.810914850987403,0.1890851489193
"P2_S2_L001",0.86900830173642,0.130991698169726
"P3_S4_L001",0.796131117086007,0.203868882778115
"P4_S5_L001",0.816988939733634,0.183011060176815
"P5_S1_L001",0.943318421387869,0.0566815784796328
"P6_S8_L001",0.845254730927594,0.154745268911014
"P7_S7_L001",0.944465168095721,0.0555348317799238
"P8_S3_L001",0.848060527897967,0.151939471975679
"US_10_S10_L001",0.926473675327775,0.0735263245890374
"US_11_S11_L001",0.951785157339869,0.0482148425217819
"US_12_S12_L001",0.542395300456494,0.457604699367944
"US_13_S13_L001",0.959446529750684,0.0405534701494148
"US_14_S14_L001",0.886511303237778,0.113488696284982
"US_15_S15_L001",0.948234491290576,0.0517655084050178
"US_16_S16_L001",0.918410788960661,0.0815892108927711
"US_17_S17_L001",0.970356386761668,0.0296436130966067
"US_18_S18_L001",0.951690770089242,0.04830922976333
"US_19_S19_L001",0.960639013551752,0.0393609862613265
"US_1_S1_L001",0.966915169507257,0.0330848304400116
"US_20_S20_L001",0.921997881534612,0.0780021183505453
"US_21_S21_L001",0.692564667107871,0.3074353327825
"US_22_S22_L001",0.685939035151807,0.314060964623906
"US_23_S23_L001",0.910747004962507,0.0892529948565573
"US_24_S24_L001",0.887816254731183,0.112183745088115
"US_25_S25_L001",0.930564794802203,0.069435205070156
"US_26_S26_L001",0.9674803873189,0.0325196126251338
"US_27_S27_L001",0.970499625086731,0.0295003748574352
"US_28_S28_L001",0.944920414929878,0.0550795849960162
"US_29_S29_L001",0.984493709042885,0.0155062909188752
"US_2_S2_L001",0.960839106170068,0.0391608937754477
"US_30_S30_L001",0.76359826173769,0.236401738146192
"US_31_S31_L001",0.96980910955779,0.0301908903675488
"US_32_S32_L001",0.951633106402611,0.0483668935287768
"US_33_S33_L001",0.959146961736217,0.040853038180484
"US_34_S34_L001",0.970208972505542,0.0297910274219417
"US_35_S35_L001",0.969185741954371,0.0308142579821786
"US_36_S36_L001",0.966985105737026,0.0330148941964445
"US_37_S37_L001",0.970048274372546,0.0299517255435219
"US_38_S38_L001",0.943395233761953,0.0566047661575551
"US_39_S39_L001",0.808067283763195,0.191932716111175
"US_3_S3_L001",0.721203618069272,0.278796381816978
"US_40_S40_L001",0.662389018256171,0.337610981394337
"US_41_S41_L001",0.847890294386199,0.152109705379718
"US_42_S42_L001",0.848574797581701,0.151425202286207
"US_43_S43_L001",0.937941902285825,0.0620580976411928
"US_44_S44_L001",0.958170615069612,0.0418293848859651
"US_45_S45_L001",0.969141470093292,0.0308585298392906
"US_46_S46_L001",0.980298253836334,0.019701746135861
"US_47_S47_L001",0.97958922865495,0.0204107713238402
"US_48_S48_L001",0.763649736411645,0.236350263463597
"US_49_S49_L001",0.969573455267845,0.0304265446698698
"US_4_S4_L001",0.677769886090907,0.322230113744043
"US_50_S50_L001",0.906602671412289,0.0933973281696355
"US_51_S51_L001",0.943712322203529,0.0562876777333967
"US_52_S52_L001",0.925641846529622,0.0743581533723986
"US_53_S53_L001",0.951054346161733,0.0489456537121731
"US_54_S54_L001",0.907981944190212,0.0920180557296478
"US_5_S5_L001",0.824369973299308,0.175630026484062
"US_6_S6_L001",0.847769722503812,0.152230277344561
"US_7_S7_L001",0.931171535730148,0.0688284641563716
"US_8_S8_L001",0.952368553162684,0.0476314467176351
"US_9_S9_L001",0.97310230659552,0.0268976933534409
