"miRNA","CompoundID","Compound","PCC","Spearman","Pval_PCC","Pval_Spearman","Qval_PCC","Qval_Spearman"
"DMD306493","DMD301505","Kappa-casein
(Uniprot:P02668)",-0.488189658542463,-0.473075854404001,7.59101139468424e-05,0.000161293761304095,0.00834504582809661,0.031349762992618
"DMD306514","DMD301505","Kappa-casein
(Uniprot:P02668)",-0.418888543854831,-0.463517643789942,0.000865162824950008,0.000225295458770319,0.0603915953555291,0.0386932758368622
"DMD306711","DMD301505","Kappa-casein
(Uniprot:P02668)",-0.457184832116915,-0.453514865240345,0.0002404268309124,0.000316567640304581,0.0219731918474457,0.0513824824272317
"DMD306726","DMD302599","Citric acid",-0.428710414268884,-0.455650970277197,0.000631874008654053,0.000253824848331492,0.0482985640725397,0.0428549115600767
"DMD306528","DMD302690","Glutamic acid",0.395752092807164,0.500449695887031,0.00174894319826949,4.66327339876606e-05,0.0983385061032923,0.0116286650965142
"DMD306561","DMD302690","Glutamic acid",0.432468465274345,0.46991483631704,0.000558881532276008,0.00015176846936754,0.043761906683788,0.0297254567410633
"DMD306747","DMD302040","Uridine",0.399169063869396,0.462799873965394,0.00158119700523628,0.000196705287435538,0.091152451624863,0.0357383002885088
